ID,EID,MaxSpeed,Capacity,Lanes,InRoundabout,Length,Xdata,Ydata,FRC
404,220,20.1,0,1,0,67.2,0.229883136550408,0.851551637053992,7
1786,2208,18.0,0,1,0,16.88,0.247473667567744,0.877483131711451,6
1826,2266,20.1,0,1,0,18.62,0.218097180848363,0.815716793665062,7
405,223,20.7,0,1,0,49.27,0.311364939502484,0.263695418794234,6
6422,9558,20.7,0,1,0,4.53,0.333696453886133,0.262452609262765,6
6051,8904,20.1,0,1,0,36.35,0.286871012458781,0.243198449105409,7
1609,1971,20.7,0,1,0,90.51,0.25876996959128,0.270976059130191,6
409,228,19.5836811065674,0,1,0,22.21,0.533376015949983,0.518389166554005,5
2045,2592,21.884937286377,0,1,0,29.73,0.548160928446711,0.535208664134146,5
410,229,21.884937286377,0,1,0,21.94,0.533376015949983,0.518389166554005,5
1606,1964,20.1,0,1,0,26.97,0.516850559180321,0.51453011676246,7
2047,2594,19.5836811065674,0,1,0,40.11,0.516762998157875,0.498621469945756,5
616,553,20.1,0,1,0,85.58,0.101508070292091,0.191252979827004,7
421,247,25.8514652252197,0,2,0,50.95,0.0700959534378954,0.152204527297933,1
422,248,24.0,0,1,0,154.26,0.0931486947562624,0.712118302271515,7
783,796,26.0,0,1,0,32.67,0.101483270320358,0.648364935030902,6
3128,4100,27.0,0,1,0,63.13,0.0612345643496689,0.62981342358864,6
4165,5751,20.1,0,1,0,16.12,0.0988021826811241,0.788298408275672,7
1578,1914,24.0,0,1,0,55.97,0.0703188473920707,0.776353702915591,7
423,250,20.1,0,1,0,92.22,0.133023346207304,0.77809943347395,7
4013,5500,6.7,0,1,0,55.2,0.169108066337143,0.802783803785499,7
5698,8326,20.1,0,1,0,50.55,0.186893250094569,0.775410425668524,7
428,256,22.0,0,1,0,79.7,0.271768022022656,0.54124498311951,7
5201,7474,20.1,0,1,0,107.98,0.250597448279758,0.51399207657923,7
1366,1630,20.1,0,1,0,54.26,0.241823943124153,0.592326786744071,7
3927,5350,20.1,0,1,0,15.59,0.262930997883687,0.570697684962505,7
4163,5748,22.0,0,1,0,41.73,0.238263120938919,0.57223206725377,7
431,260,20.7,0,1,0,67.9,0.357812538089641,0.300349386368913,6
1057,1194,20.7,0,1,0,35.29,0.364323250834224,0.268139093237019,6
6678,10029,20.4665279388428,0,1,0,111.24,0.358185658787999,0.317755098053789,1
492,383,20.7,0,1,0,27.88,0.366569850743098,0.346186798788431,6
5454,7924,20.1,0,1,0,34.16,0.37841955603072,0.333857347646692,7
432,263,22.6694564819336,0,1,0,79.91,0.402989872478794,0.455841597871126,6
5811,8509,22.6694564819336,0,1,0,16.08,0.39022626727128,0.499006571208746,6
434,267,18.7489547729492,0,1,0,24.93,0.456018744719781,0.518004980554395,6
517,424,20.1,0,1,0,51.05,0.441506329812925,0.533823829384501,7
1063,1200,13.0,0,1,0,28.53,0.464523848411138,0.541584182276662,6
975,1078,18.0,0,1,0,115.71,0.4327650670038,0.464631512038589,6
6102,8995,18.7489547729492,0,1,0,8.07,0.454533781168566,0.503297282215495,7
437,274,18.7489547729492,0,1,0,44.22,0.570765005875027,0.83716846505233,6
5262,7578,20.1,0,1,0,37.07,0.588243603200374,0.844702449547067,7
1214,1419,18.7489547729492,0,1,0,43.71,0.556928172098686,0.800236130665161,6
438,278,19.0,0,1,0,74.16,0.604250373913889,0.478832280986279,6
3699,4972,21.9790802001953,0,1,0,5.74,0.578211840936102,0.466894677091075,6
4924,7034,25.0,0,1,0,33.38,0.565881820183215,0.457412451784796,6
2693,3472,17.8329849243164,0,1,0,62.16,0.590162988355895,0.438399528973053,6
439,279,25.0,0,1,0,74.52,0.604250373913889,0.478832280986279,6
2823,3661,17.824634552002,0,1,0,49.22,0.626170508449262,0.518650233249963,7
5313,7665,19.0,0,1,0,77.25,0.654704959882635,0.510735891335778,6
440,280,20.1,0,1,0,36.56,0.651266226612508,0.75177113933986,7
1735,2144,20.1,0,1,0,23.51,0.630767733009293,0.74251678199223,7
2901,3762,20.1,0,1,0,73.18,0.68087137536145,0.791037105907945,7
4839,6889,20.1,0,1,0,37.09,0.672501129970833,0.753388418366961,7
449,300,20.8493728637695,0,1,0,41.21,0.803230921369657,0.57385758365358,3
607,541,23.2133884429932,0,1,0,90.49,0.822922288224093,0.525295284276897,3
450,301,23.2133884429932,0,1,0,41.27,0.803230921369657,0.57385758365358,3
1223,1431,20.8493728637695,0,1,0,4.47,0.795619202396106,0.592955638241989,3
451,303,21.2154808044434,0,2,0,95.58,0.842853398096464,0.295455242860346,1
1072,1212,17.6799163818359,0,1,0,78.47,0.840111001159659,0.272549769156609,6
914,988,21.2154808044434,0,2,0,25.73,0.884942445040113,0.318722172154844,1
4170,5756,23.0,0,1,0,48.49,0.872648805724564,0.289886088330256,6
454,308,20.1,0,1,0,58.29,0.938181808731938,0.423860733549739,7
6036,8879,20.1,0,1,0,6.48,0.944549329609232,0.396968988408379,7
455,309,20.1,0,1,0,58.14,0.938181808731938,0.423860733549739,7
8140,12647,20.1,0,1,0,13.22,0.930321334122649,0.451095751589042,7
474,342,20.1,0,1,0,27.23,0.104534150199154,0.58127704578531,7
3676,4941,20.1,0,1,0,18.18,0.0885301477187626,0.582284595786869,7
475,343,20.1,0,1,0,27.16,0.104534150199154,0.58127704578531,7
7883,12111,20.1,0,1,0,30.53,0.124139549099468,0.579802678638511,7
477,348,20.1,0,1,0,15.48,0.145762787529105,0.652996822817865,7
3215,4206,27.0,0,1,0,36.05,0.129437931491613,0.656651617635134,6
5499,8001,26.0,0,1,0,27.24,0.155290581996635,0.663503534588844,6
1580,1916,20.1,0,1,0,40.45,0.16070932429099,0.638022431363559,7
487,369,20.1,0,1,0,43.89,0.217393768015625,0.63049838810233,7
3408,4505,20.1,0,1,0,40.79,0.225200411953923,0.593533999057362,7
7474,11370,20.1,0,1,0,15.43,0.207968766733781,0.656942932977164,7
6945,10491,20.1,0,1,0,30.67,0.201347788890212,0.633936849734552,7
3297,4357,20.7,0,1,0,6.01,0.366942971441455,0.363592510473306,6
493,387,20.4665279388428,0,2,0,49.06,0.346260410644352,0.245069836373291,1
1000,1114,18.7489547729492,0,1,0,29.26,0.496014389473747,0.632398736926311,6
4296,5970,13.0,0,1,0,5.1,0.503348502364625,0.652095835654327,6
499,395,17.9832630157471,0,1,0,86.38,0.362964490114067,0.598213954529444,6
1581,1920,20.1,0,1,0,52.7,0.371070837999701,0.624090198316697,7
2186,2780,17.9832630157471,0,1,0,42.62,0.346002175480148,0.654136677447404,6
3462,4605,19.7928867340088,0,1,0,68.62,0.0740005678869591,0.229159122040875,6
8363,13134,21.0,0,1,0,20.71,0.0318529741725072,0.224075343260894,6
2102,2673,20.1,0,1,0,47.09,0.202098704764219,0.826246092835569,7
511,413,20.1,0,1,0,63.66,0.186136812859335,0.856686850381914,7
7235,10967,22.6993732452393,0,1,0,5.59,0.190739299311205,0.885188809859192,5
513,416,17.9832630157471,0,1,0,81.37,0.31630382451487,0.751885947723031,6
7056,10653,20.9895401000977,0,1,0,13.62,0.330553046814238,0.724534711631221,7
821,859,20.1,0,1,0,58.65,0.326734318416962,0.778799904351867,7
2864,3717,17.9832630157471,0,1,0,47.81,0.299086035565215,0.806116209243554,6
514,418,25.5690383911133,0,1,0,72.58,0.353365341559846,0.877197267091693,5
6325,9379,20.9895401000977,0,1,0,34.7,0.386001874737294,0.891418016571108,7
3960,5404,22.6993732452393,0,1,0,74.65,0.406795598202839,0.874547877126663,5
515,419,22.6993732452393,0,1,0,72.08,0.353365341559846,0.877197267091693,5
7869,12088,20.1,0,1,0,10.15,0.323314499224564,0.871809032398849,7
4167,5753,25.5690383911133,0,1,0,9.23,0.320916340986621,0.879420528283241,5
2677,3451,20.1,0,1,0,32.16,0.411866482317626,0.541529801724084,7
522,431,18.7489547729492,0,1,0,44.04,0.543134702608384,0.762504742516616,6
1089,1236,20.1,0,1,0,145.11,0.489857609446756,0.770868049848757,7
2634,3386,18.7489547729492,0,1,0,33.29,0.531551465351927,0.729734487820018,6
5128,7362,22.5627613067627,0,2,0,30.33,0.764276518950826,0.27428000969524,1
525,438,20.1,0,1,0,129.64,0.731415748150344,0.263557263016515,7
1497,1804,21.9790802001953,0,1,0,58.06,0.663030257988891,0.272420847734811,6
8281,12924,17.8329849243164,0,1,0,5.99,0.677019275103433,0.241689244736595,6
6052,8905,20.1,0,1,0,36.35,0.286871012458781,0.243198449105409,7
554,470,20.1,0,1,0,61.71,0.259404680094508,0.22241720833616,7
5559,8115,20.1,0,1,0,56.68,0.280981781977004,0.19952438488314,7
1607,1967,20.1,0,1,0,50.91,0.218582783044743,0.215196113254891,7
558,476,19.7928867340088,0,1,0,36.87,0.335103694098414,0.383480817582112,6
4891,6972,8.0,0,1,0,77.13,0.322461409132055,0.415869840455796,7
3929,5353,19.7928867340088,0,1,0,8.99,0.356787504368602,0.393421737068985,6
559,478,20.7,0,1,0,45.95,0.363905651440509,0.455970171983271,6
4900,6987,20.7,0,1,0,5.46,0.362647837410233,0.432192002568962,6
562,484,20.1,0,1,0,104.58,0.557630735362105,0.26832667325138,7
3562,4772,20.1,0,1,0,2.04,0.595746169470288,0.274672347261511,7
2082,2644,20.0,0,1,0,52.05,0.600884260189207,0.24631102376303,7
563,485,20.1,0,1,0,104.88,0.557630735362105,0.26832667325138,7
3755,5051,20.1,0,1,0,97.16,0.524799715934656,0.308491780111362,7
1893,2369,20.1,0,1,0,73.56,0.496323853901573,0.27537526973849,7
564,486,19.5836811065674,0,1,0,18.18,0.594861942042069,0.600113412606221,5
5688,8315,21.884937286377,0,1,0,16.76,0.607316696418213,0.61847474125292,5
565,487,21.884937286377,0,1,0,18.09,0.594861942042069,0.600113412606221,5
2299,2942,19.5836811065674,0,1,0,41.26,0.578436367902784,0.578180962217227,5
1184,1377,20.1,0,1,0,89.19,0.559609272157597,0.620226645754877,7
570,494,19.5836811065674,0,1,0,87.58,0.684671847920949,0.667519584783141,5
591,524,21.884937286377,0,2,0,45.12,0.72876383286118,0.699101945766718,5
1438,1723,20.1,0,1,0,66.21,0.697720767097218,0.714434344229134,7
571,495,21.884937286377,0,2,0,87.69,0.684671847920949,0.667519584783141,5
1217,1425,18.0,0,1,0,40.34,0.663966335661848,0.629133251950847,7
1068,1206,19.5836811065674,0,1,0,45.38,0.635376121131406,0.638086941105861,5
572,496,14.0,0,1,0,84.12,0.673363987592784,0.360918404303545,7
1022,1145,14.0,0,1,0,85.17,0.727906171340682,0.394885460189766,7
2313,2961,20.1,0,1,0,73.95,0.711694799433977,0.348224200170533,7
575,501,21.2154808044434,0,2,0,26.41,0.800617629427481,0.274262717750006,1
6137,9054,21.8242683410645,0,1,0,10.3,0.861041620079663,0.214449797474787,6
2752,3551,20.1,0,1,0,100.7,0.824608142522422,0.208449557855658,7
578,504,23.0,0,1,0,44.81,0.856015322408925,0.180226569919052,6
580,507,21.2154808044434,0,2,0,10.69,0.899570489651465,0.333454925836071,1
592,525,19.5836811065674,0,1,0,46.09,0.72876383286118,0.699101945766718,5
1589,1930,20.8493728637695,0,1,0,92.92,0.729254355577675,0.746816094025462,3
1524,1843,23.2133884429932,0,1,0,46.64,0.753800705847016,0.689333422724217,3
4691,6644,27.0,0,2,0,106.35,0.785281306176812,0.735471646346051,5
595,529,20.1,0,1,0,87.93,0.778448990669766,0.906886634048095,7
4350,6075,13.0,0,1,0,46.57,0.776541743513251,0.956083439944541,4
775,784,19.0,0,1,0,61.9,0.773537641302596,0.874028228022044,6
1590,1931,23.2133884429932,0,2,0,93.22,0.729254355577675,0.746816094025462,3
596,530,20.8493728637695,0,1,0,34.49,0.70658153520433,0.799797180028863,3
711,697,23.0,0,1,0,58.39,0.698211289813713,0.762148492487878,7
597,531,23.2133884429932,0,1,0,34.74,0.70658153520433,0.799797180028863,3
3581,4793,20.8493728637695,0,1,0,31.59,0.694406828205752,0.830898696634622,3
606,540,20.8493728637695,0,1,0,90.49,0.822922288224093,0.525295284276897,3
5193,7464,23.2133884429932,0,1,0,27.18,0.840617884882321,0.481007576642495,3
3461,4604,21.0,0,1,0,69.06,0.0740005678869591,0.229159122040875,6
5011,7168,19.7928867340088,0,1,0,99.29,0.133949121300094,0.230951408465609,6
4055,5570,22.6993732452393,0,1,0,41.39,0.124005059695072,0.890287800811558,5
624,562,16.9372386932373,0,1,0,93.94,0.113215683688095,0.935312794168955,7
631,576,20.7,0,1,0,3.24,0.444756685273235,0.841426349147602,6
1482,1786,20.1,0,1,0,115.85,0.485760259578774,0.817400175974179,7
6770,10190,20.3598327636719,0,1,0,12.58,0.438254974740823,0.836627956925921,1
7082,10704,19.5167369842529,0,1,0,25.25,0.442151558729217,0.857878225365823,1
7259,11010,25.7112979888916,0,2,0,62.38,0.298541206204145,0.16003976019691,1
653,610,21.884937286377,0,2,0,14.96,0.394648865900007,0.399784797002079,5
2121,2696,20.1,0,1,0,68.09,0.388870592323735,0.366135754371521,7
5607,8199,21.884937286377,0,2,0,5.44,0.409551025001828,0.40604815448838,5
7684,11752,20.1,0,1,0,30.23,0.409120835132089,0.386367362980286,7
6769,10189,18.7489547729492,0,1,0,5.64,0.578761919433741,0.859551507086851,6
663,627,23.9623432159424,0,1,0,180.41,0.517151526236776,0.86698066937882,5
5493,7990,20.910041809082,0,1,0,10.07,0.448894140115565,0.870877661751217,5
673,644,20.1,0,1,0,89.98,0.76554505044382,0.374724273763676,7
4240,5876,20.1,0,1,0,70.79,0.749333678537115,0.328063013744443,7
1384,1652,20.1,0,1,0,79.75,0.802181251817299,0.352408331995143,7
6425,9568,20.1,0,1,0,13.9,0.776823719288995,0.329852055886479,7
674,645,20.1,0,1,0,90.01,0.76554505044382,0.374724273763676,7
1367,1632,14.0,0,1,0,23.32,0.76386087782947,0.417786202307477,7
682,655,22.6993732452393,0,1,0,46.59,0.155709092722117,0.886771333384106,5
7598,11578,22.6993732452393,0,1,0,12.63,0.18009583808981,0.884645376158103,5
1771,2188,20.1,0,1,0,59.15,0.171419814213871,0.856726010590809,7
1560,1886,18.0,0,1,0,58.92,0.26593955068278,0.921025160981787,6
1582,1921,20.1,0,1,0,52.48,0.371070837999701,0.624090198316697,7
685,661,20.7,0,1,0,49.98,0.388964300387874,0.589450460428271,6
5194,7465,20.8493728637695,0,1,0,27.12,0.840617884882321,0.481007576642495,3
697,676,23.2133884429932,0,1,0,94.51,0.861387087985486,0.433681941455318,3
698,677,20.8493728637695,0,1,0,94.16,0.861387087985486,0.433681941455318,3
3061,3997,23.2133884429932,0,1,0,3.91,0.880576685651968,0.391782520316293,3
3615,4851,20.1,0,1,0,74.07,0.885183230299327,0.428950171437786,7
4838,6888,20.1,0,1,0,37.4,0.672501129970833,0.753388418366961,7
1567,1896,23.0,0,1,0,23.55,0.676399839728641,0.730585568598857,7
6620,9907,19.7928867340088,0,1,0,39.63,0.277771644945935,0.340503436516751,6
1495,1800,22.0,0,1,0,41.6,0.282657902312459,0.321432754031708,7
3056,3991,23.9979114532471,0,1,0,69.41,0.245852993796833,0.303440190826441,6
725,719,20.9895401000977,0,1,0,12.25,0.396595610812067,0.919047161843909,7
4436,6225,20.9895401000977,0,1,0,5.03,0.399410857560902,0.92716952193644,7
3357,4432,20.1,0,1,0,59.19,0.418714262268387,0.91553059226629,7
730,729,20.1,0,1,0,170.35,0.590775990366359,0.713255194552678,7
2670,3436,23.0,0,1,0,14.91,0.64122626336954,0.676147125459949,7
743,745,23.9623432159424,0,1,0,29.33,0.668249135329794,0.859568014520507,5
3153,4133,19.2112979888916,0,1,0,43.8,0.673588546111986,0.880575844331252,3
5196,7467,23.2133884429932,0,1,0,12.34,0.685184763887738,0.853600569124239,3
8313,13011,13.0,0,1,0,22.32,0.691129781970154,0.865061345178003,4
799,820,23.9623432159424,0,1,0,99.67,0.617430045195233,0.860972408944833,5
2214,2824,20.1,0,1,0,68.4,0.641688064534604,0.830655003604108,7
6133,9050,20.1,0,1,0,44.44,0.740800859283733,0.888955798020912,7
5668,8290,19.0,0,1,0,26.35,0.73973974320326,0.868568823409022,6
784,797,27.0,0,1,0,32.55,0.101483270320358,0.648364935030902,6
3216,4207,26.0,0,1,0,35.9,0.129437931491613,0.656651617635134,6
1559,1885,6.7,0,1,0,11.14,0.11431782715165,0.636756576800682,7
787,804,20.9895401000977,0,1,0,10.07,0.393030370597958,0.910271074695291,7
788,806,19.5836811065674,0,1,0,52.92,0.436983123180734,0.416421266369728,5
1480,1782,21.884937286377,0,1,0,24.47,0.464901469040744,0.432048183596958,5
2178,2767,18.7489547729492,0,1,0,8.42,0.461920126627091,0.419981123014465,6
5073,7266,22.6694564819336,0,1,0,5.93,0.414646049841313,0.416287572501989,6
789,807,21.884937286377,0,1,0,53.29,0.436983123180734,0.416421266369728,5
790,808,19.0,0,1,0,169.23,0.439983978499337,0.342142547033056,6
5424,7866,19.5836811065674,0,2,0,11.42,0.408269086023094,0.409723436501608,5
791,809,22.6694564819336,0,1,0,168.76,0.439983978499337,0.342142547033056,6
4036,5531,20.1,0,1,0,10.08,0.468699079380853,0.279550085486209,7
7290,11059,18.7489547729492,0,1,0,84.63,0.47856534245785,0.23520428721259,6
794,814,17.8329849243164,0,1,0,19.22,0.574906608199877,0.479108894905617,6
1308,1558,21.9790802001953,0,1,0,17.31,0.570978385055907,0.495683784191483,6
3700,4973,17.8329849243164,0,1,0,5.75,0.578211840936102,0.466894677091075,6
795,815,21.9790802001953,0,1,0,19.57,0.574906608199877,0.479108894905617,6
2042,2589,17.824634552002,0,1,0,16.12,0.580911968527675,0.647206897708164,7
797,817,21.0,0,1,0,23.82,0.601191902624877,0.63763330539137,7
955,1050,20.1,0,1,0,21.81,0.355240396719773,0.768795733609507,7
1704,2104,20.9895401000977,0,1,0,45.27,0.353719945272698,0.792386919565198,7
861,918,18.0,0,1,0,91.22,0.685847710905738,0.576058298306276,7
1178,1366,23.0,0,1,0,81.27,0.644498950317698,0.595749443734385,7
3726,5007,19.0,0,1,0,147.19,0.747543524250793,0.568482093189941,6
4650,6590,25.0,0,1,0,26.06,0.690575776186538,0.533310967122961,6
897,965,20.9895401000977,0,1,0,38.89,0.375278699345082,0.859168346672848,7
3152,4132,18.6422595977783,0,1,0,43.99,0.673588546111986,0.880575844331252,3
910,981,20.1,0,1,0,70.04,0.686696804900873,0.923257350079895,7
909,979,19.2112979888916,0,1,0,92.67,0.65045755680955,0.940512325197885,3
930,1010,20.1,0,1,0,89.55,0.137319807124101,0.830529383669041,7
1446,1736,16.9372386932373,0,1,0,27.1,0.104883120438519,0.844894148248354,7
4014,5501,6.7,0,1,0,55.2,0.169108066337143,0.802783803785499,7
8267,12892,20.1,0,1,0,14.03,0.177460788983397,0.828767484814621,7
941,1024,20.1,0,1,0,8.2,0.775517390186097,0.206680181624309,7
7528,11458,20.1,0,1,0,70.7,0.768062840861248,0.167922725729249,7
6199,9166,20.1,0,1,0,59.17,0.742348616445225,0.202822083870601,7
942,1025,20.1,0,1,0,7.97,0.775517390186097,0.206680181624309,7
6060,8915,20.1,0,1,0,7.11,0.785372264133782,0.208736603329382,7
6273,9294,20.1,0,1,0,50.81,0.777549069538291,0.230803617903361,7
4595,6514,20.1,0,1,0,12.6,0.367251987084574,0.763796841446323,7
956,1052,26.0,0,1,0,65.14,0.294545822106504,0.672809412290464,6
1638,2006,27.0,0,1,0,40.58,0.253190445552098,0.669779395230702,6
2976,3862,20.1,0,1,0,31.59,0.269733916144767,0.656196935905079,7
957,1053,27.0,0,1,0,65.59,0.294545822106504,0.672809412290464,6
1640,2009,20.8284511566162,0,1,0,27.52,0.323798978284296,0.660111767746479,6
7499,11411,26.0,0,1,0,19.45,0.329472124792896,0.674912818891016,6
3402,4496,27.0627613067627,0,1,0,128.41,0.303805675307169,0.726490916053588,6
5558,8114,20.1,0,1,0,55.97,0.280981781977004,0.19952438488314,7
973,1074,25.8514652252197,0,2,0,65.91,0.253789007569837,0.169229599629798,1
5354,7745,25.8514652252197,0,2,0,119.29,0.184474421577124,0.160737338188003,1
5788,8471,21.0,0,1,0,61.67,0.214489014727293,0.187838478489571,7
974,1076,29.868200302124,0,2,0,11.88,0.31514947970056,0.139546124683052,3
5087,7291,29.868200302124,0,2,0,32.1,0.309183512736333,0.112767872232874,3
3754,5050,20.1,0,1,0,97.38,0.524799715934656,0.308491780111362,7
978,1082,20.1,0,1,0,26.39,0.52073189959284,0.359868102500737,7
3170,4152,20.0,0,1,0,25.77,0.540085846456703,0.343210786369195,7
979,1083,20.0,0,1,0,26.24,0.52073189959284,0.359868102500737,7
3243,4241,18.7489547729492,0,1,0,109.84,0.492256037559758,0.326751592127865,7
2041,2588,21.0,0,1,0,15.62,0.580911968527675,0.647206897708164,7
2488,3194,20.1,0,1,0,90.71,0.546116083287918,0.669895793066986,7
980,1084,17.824634552002,0,1,0,45.71,0.55178409243654,0.648161566718371,7
982,1088,20.0,0,1,0,14.22,0.592963079137544,0.288306621132586,7
5601,8188,20.1,0,1,0,7.14,0.58663340521304,0.300570733073929,7
5494,7992,20.1,0,1,0,79.16,0.608718139352184,0.32528319871055,7
3563,4773,20.0,0,1,0,1.92,0.595746169470288,0.274672347261511,7
983,1089,20.1,0,1,0,14.3,0.592963079137544,0.288306621132586,7
3315,4383,20.1,0,1,0,31.21,0.606793738011981,0.282962241460586,7
1472,1772,20.1,0,1,0,39.6,0.655164936370315,0.728968289571756,7
988,1094,23.0,0,1,0,50.4,0.657323929606243,0.701817263315827,7
998,1111,22.0,0,1,0,27.47,0.32841286225714,0.310046996908622,7
2185,2779,20.7,0,1,0,45.93,0.335052987465955,0.286815472790246,6
1001,1115,13.0,0,1,0,29.02,0.496014389473747,0.632398736926311,6
4317,6011,20.1,0,1,0,39.42,0.475913688316415,0.622487538992078,7
1093,1243,18.7489547729492,0,1,0,29.39,0.486195137016779,0.601482226156106,6
1523,1842,20.8493728637695,0,1,0,47.08,0.753800705847016,0.689333422724217,3
1003,1119,23.0,0,1,0,146.88,0.716459702321442,0.640330857019626,7
4275,5925,23.2133884429932,0,1,0,93.59,0.778155515666496,0.632754651903292,3
2312,2960,20.1,0,1,0,73.57,0.711694799433977,0.348224200170533,7
4241,5877,20.1,0,1,0,70.82,0.749333678537115,0.328063013744443,7
1004,1120,20.1,0,1,0,92.23,0.692154105423127,0.308055612040043,7
1005,1121,20.1,0,1,0,92.16,0.692154105423127,0.308055612040043,7
8953,14275,20.1,0,1,0,7.16,0.656733995533643,0.296082905332618,7
1021,1142,22.5627613067627,0,2,0,15.84,0.781920605729152,0.282930223577244,1
1813,2244,20.1,0,1,0,7.55,0.787878360637716,0.290208118122297,7
6619,9906,23.9979114532471,0,1,0,39.28,0.277771644945935,0.340503436516751,6
1044,1174,19.7928867340088,0,1,0,33.7,0.302302919136533,0.36627729744202,6
8321,13024,20.1,0,1,0,15.97,0.280274393858152,0.358649510681823,7
3057,3993,19.7928867340088,0,1,0,4.58,0.31791029728693,0.378700575365014,6
1045,1175,23.9979114532471,0,1,0,33.75,0.302302919136533,0.36627729744202,6
1052,1186,23.9979114532471,0,1,0,104.35,0.162845426484735,0.193024942495437,6
1701,2101,19.7928867340088,0,1,0,50.45,0.199452233968929,0.248194624080087,6
2162,2742,21.0,0,1,0,11.97,0.17720025820305,0.231017642499808,6
1428,1711,25.8514652252197,0,2,0,24.37,0.131653116133724,0.155319006030847,1
1053,1188,25.5690383911133,0,1,0,55.9,0.205973822610287,0.926807424844182,5
1637,2005,25.5690383911133,0,1,0,61.47,0.177307720831008,0.974723082286298,5
1056,1193,15.4414224624634,0,2,0,55.59,0.329555359423095,0.199414193678309,1
1058,1195,20.7,0,1,0,34.92,0.364323250834224,0.268139093237019,6
8962,14288,20.7,0,1,0,19.27,0.386865803467739,0.270238708031103,6
1064,1201,18.7489547729492,0,1,0,28.32,0.464523848411138,0.541584182276662,6
2211,2820,13.0,0,1,0,34.37,0.475529576252343,0.569127529755125,6
1065,1203,15.0,0,1,0,62.75,0.606270732276909,0.201827306699883,7
4490,6324,21.2154808044434,0,2,0,21.82,0.591500651158811,0.19983941127387,1
1105,1258,21.2154808044434,0,2,0,19.51,0.638456612075096,0.209629827095448,1
1070,1208,20.1,0,1,0,101.12,0.720086430071514,0.228567747320631,7
3813,5143,28.458158493042,0,1,0,7.16,0.683740301060463,0.224048518681678,6
3763,5062,27.5313816070557,0,1,0,86.19,0.696703914886248,0.171101428185063,6
6153,9085,20.1,0,1,0,11.33,0.755905808999221,0.248526750373997,7
4171,5757,21.8242683410645,0,1,0,48.5,0.872648805724564,0.289886088330256,6
1873,2338,23.0,0,1,0,20.85,0.8682264199078,0.257069653680096,6
3162,4142,17.6799163818359,0,1,0,44.28,0.892775349766243,0.263498093673499,6
1496,1803,20.7,0,1,0,44.86,0.445995732918578,0.818427596185998,6
2046,2593,19.5836811065674,0,1,0,29.65,0.548160928446711,0.535208664134146,5
1096,1246,17.8329849243164,0,1,0,43.74,0.562861023986255,0.524729941451852,6
4320,6022,21.884937286377,0,1,0,21.65,0.562332222315545,0.554198035251008,5
1309,1559,17.8329849243164,0,1,0,17.11,0.570978385055907,0.495683784191483,6
1097,1247,21.9790802001953,0,1,0,43.52,0.562861023986255,0.524729941451852,6
2630,3380,20.1,0,1,0,36.55,0.580785127596629,0.513354685344702,7
2086,2650,21.2154808044434,0,2,0,7.9,0.650746438566604,0.212984766834075,1
8001,12369,20.1,0,1,0,27.58,0.141990738450021,0.505193859663346,7
1136,1303,20.1,0,1,0,86.55,0.0950950677509669,0.511958250445363,7
3928,5351,20.1,0,1,0,15.35,0.262930997883687,0.570697684962505,7
1139,1307,20.1,0,1,0,110.56,0.311350041662015,0.568760378282983,7
2578,3311,20.1,0,1,0,51.96,0.270740262697941,0.594170940832069,7
3035,3963,20.8284511566162,0,1,0,55.49,0.358640389495711,0.543413982252384,6
1529,1850,16.9728031158447,0,3,0,22.12,0.948537763082029,0.338296862542637,3
1160,1341,22.5627613067627,0,2,0,12.33,0.860887275727219,0.326504401482725,1
2815,3649,22.5627613067627,0,2,0,84.12,0.829316860381357,0.308350220696745,1
5232,7524,20.1,0,1,0,8.49,0.852084086667347,0.324907021267901,7
5839,8560,17.824634552002,0,1,0,35.1,0.615908735787257,0.6047031328894,7
4297,5971,18.7489547729492,0,1,0,4.98,0.503348502364625,0.652095835654327,6
1212,1416,17.824634552002,0,1,0,121.49,0.462788887933293,0.665424697488862,7
3670,4933,21.0,0,1,0,20.36,0.517746669837432,0.652566514067965,7
1213,1417,21.0,0,1,0,121.59,0.462788887933293,0.665424697488862,7
7177,10873,22.6464443206787,0,1,0,8.98,0.415714692212837,0.673635192567108,7
1222,1430,23.2133884429932,0,1,0,4.4,0.795619202396106,0.592955638241989,3
3725,5006,25.0,0,1,0,147.39,0.747543524250793,0.568482093189941,6
4274,5924,20.8493728637695,0,1,0,93.55,0.778155515666496,0.632754651903292,3
1855,2314,16.7928867340088,0,1,0,261.3,0.880060350932388,0.649833140492381,6
1385,1653,20.1,0,1,0,79.77,0.802181251817299,0.352408331995143,7
1224,1432,20.1,0,1,0,70.16,0.853574351383284,0.382646334128818,7
1269,1492,20.1,0,1,0,92.65,0.814957541822769,0.404057210907944,7
1263,1485,24.0,0,1,0,65.63,0.0848398341879361,0.613744965202188,7
3675,4940,20.1,0,1,0,17.95,0.0885301477187626,0.582284595786869,7
1266,1488,20.7,0,1,0,29.53,0.430951508442796,0.727821815624638,6
2165,2747,20.7,0,1,0,60.49,0.438620726239515,0.769784438986795,6
7450,11321,20.1,0,1,0,30.95,0.442957630481449,0.733480396315495,7
1270,1493,20.1,0,1,0,92.74,0.814957541822769,0.404057210907944,7
6541,9779,14.0,0,1,0,52.72,0.817472809714229,0.452174871938628,7
1276,1507,18.1694564819336,0,2,0,10.92,0.945513283627908,0.367610930546074,1
1295,1536,23.0,0,1,0,47.47,0.625414021199884,0.649534155730987,7
3770,5071,21.2154808044434,0,2,0,25.97,0.389941185918705,0.172605574088154,1
1343,1598,20.7,0,1,0,46.5,0.42161313436203,0.807177179587796,6
1479,1781,20.7,0,1,0,44.32,0.41442869906663,0.765935497955398,6
2118,2691,20.1,0,1,0,83.58,0.389048848477082,0.799782405058401,7
1643,2012,14.0,0,1,0,43.33,0.786356519199947,0.431809573548344,7
1368,1634,20.7,0,1,0,40.27,0.411525315964734,0.273259188371044,6
8963,14289,20.7,0,1,0,17.58,0.386865803467739,0.270238708031103,6
1732,2141,20.1,0,1,0,69.11,0.393826451938861,0.30376224513504,7
1369,1635,20.7,0,1,0,40.47,0.41284541708607,0.277525089194955,6
1380,1648,20.1,0,1,0,110.57,0.577211762935547,0.370309013353982,7
1919,2413,17.8329849243164,0,1,0,64.46,0.615796126736324,0.378912258684245,6
8398,13211,21.9790802001953,0,1,0,8.12,0.602675022701376,0.409630038750216,6
3171,4153,20.1,0,1,0,25.49,0.540085846456703,0.343210786369195,7
1381,1649,20.1,0,1,0,110.26,0.577211762935547,0.370309013353982,7
3626,4869,20.0,0,1,0,26.61,0.557918694039129,0.327080433279161,7
1736,2145,20.1,0,1,0,23.24,0.630767733009293,0.74251678199223,7
1418,1692,20.1,0,1,0,97.44,0.585285438487246,0.764615303700238,7
3382,4468,20.1,0,1,0,47.55,0.63277885855793,0.764888268823191,7
1419,1695,20.1,0,1,0,102.2,0.369839110211214,0.71866993103088,7
4272,5921,20.7,0,1,0,8.47,0.409791199014183,0.703616307981243,6
2087,2652,20.9895401000977,0,1,0,48.97,0.34098354071633,0.751448668260056,7
1420,1697,25.5690383911133,0,1,0,16.29,0.300450462654207,0.886010974027306,5
5355,7747,25.8514652252197,0,2,0,7.08,0.120102017167403,0.153831024337216,1
5498,8000,27.0,0,1,0,26.87,0.155290581996635,0.663503534588844,6
1429,1712,26.0,0,1,0,9.32,0.171862943987388,0.666236989885018,6
5310,7660,20.1,0,1,0,12.47,0.16719347851251,0.673080350757999,7
1430,1713,27.0,0,1,0,10.01,0.171862943987388,0.666236989885018,6
7102,10743,26.0,0,1,0,44.35,0.193436022583595,0.66664464585968,6
8037,12433,16.9372386932373,0,1,0,38.12,0.107279094501244,0.874607242597574,7
2410,3096,20.7,0,1,0,43.33,0.407955365357129,0.725761275233019,6
1481,1783,19.1663188934326,0,1,0,24.69,0.464901469040744,0.432048183596958,5
6847,10325,21.884937286377,0,1,0,43.65,0.481889922280272,0.455149021142485,5
3047,3980,20.1,0,1,0,37.04,0.536366230337552,0.788681348045984,7
2025,2561,20.1,0,1,0,62.23,0.295574878106906,0.288968622335458,7
2208,2817,22.0,0,1,0,23.57,0.309061353667236,0.314853025861432,7
1498,1805,17.8329849243164,0,1,0,58.69,0.663030257988891,0.272420847734811,6
8952,14274,20.1,0,1,0,7.16,0.656733995533643,0.296082905332618,7
2508,3216,20.1,0,1,0,47.14,0.635178211429302,0.291003576204719,7
2923,3795,21.9790802001953,0,1,0,45.95,0.644643797351426,0.315681707196959,6
4391,6147,13.0,0,1,0,48.17,0.745712208650904,0.921814204046962,4
6134,9051,12.0,0,1,0,43.96,0.740800859283733,0.888955798020912,7
1500,1809,20.1,0,1,0,4.55,0.80368456418559,0.296236383604567,7
7038,10627,22.5627613067627,0,2,0,13.24,0.795740063111255,0.289393958424924,1
5699,8327,20.1,0,1,0,50.74,0.186893250094569,0.775410425668524,7
1534,1857,20.1,0,1,0,60.69,0.196949904302869,0.749619853010026,7
6149,9074,20.1,0,1,0,10.07,0.183501989655743,0.723228099234657,7
7006,10585,26.0,0,1,0,19.72,0.270909180302337,0.960723479298166,6
6138,9055,23.0,0,1,0,10.3,0.861041620079663,0.214449797474787,6
1568,1898,21.8242683410645,0,1,0,33.0,0.864538263698907,0.233897568580401,6
1874,2339,21.8242683410645,0,1,0,20.78,0.8682264199078,0.257069653680096,6
1569,1899,23.0,0,1,0,33.0,0.864538263698907,0.233897568580401,6
3811,5141,20.1,0,1,0,33.67,0.185189219511159,0.625930715866588,7
2012,2542,20.7,0,1,0,92.75,0.43242979930014,0.235278100774265,6
1583,1923,22.5627613067627,0,2,0,55.4,0.41737287626405,0.192144965535831,1
5226,7514,22.5627613067627,0,2,0,19.68,0.390594301966476,0.187174066547551,1
4890,6970,20.1,0,1,0,27.55,0.497810473290563,0.52012299459915,7
6314,9357,21.0,0,1,0,24.76,0.192860019634904,0.220126082797005,7
3055,3990,19.7928867340088,0,1,0,69.61,0.245852993796833,0.303440190826441,6
2117,2689,23.9979114532471,0,1,0,15.13,0.220172960600983,0.273979415050775,6
1639,2007,26.0,0,1,0,40.28,0.253190445552098,0.669779395230702,6
2784,3595,27.0,0,1,0,33.92,0.2234404195595,0.667812432374632,6
8527,13476,20.1,0,1,0,38.06,0.234887335013772,0.652015668366038,7
5488,7982,20.8284511566162,0,1,0,9.89,0.330237004685966,0.639641152747471,6
4822,6860,20.1,0,1,0,43.96,0.308229596122119,0.643391506809571,7
1647,2022,20.1,0,1,0,37.38,0.101646647430567,0.814638024711351,7
3613,4848,20.1,0,1,0,112.01,0.0496068715587144,0.794956101381644,7
5704,8336,25.5690383911133,0,1,0,52.79,0.250391643725849,0.890558694333339,5
1700,2100,23.9979114532471,0,1,0,50.59,0.199452233968929,0.248194624080087,6
2116,2688,19.7928867340088,0,1,0,15.33,0.220172960600983,0.273979415050775,6
3407,4502,20.1,0,1,0,107.33,0.176148803246036,0.272646104740959,7
1694,2092,20.1,0,1,0,15.34,0.217813084002559,0.255755649712272,7
4122,5684,20.9895401000977,0,1,0,36.43,0.365153925186876,0.827354146139997,7
1705,2107,15.4414224624634,0,1,0,5.77,0.376682001865794,0.499450833643075,1
4419,6190,15.4414224624634,0,1,0,11.55,0.374296308229304,0.488435280233154,1
5455,7925,20.1,0,1,0,34.01,0.37841955603072,0.333857347646692,7
2122,2697,20.1,0,1,0,67.64,0.388870592323735,0.366135754371521,7
1731,2140,20.1,0,1,0,69.16,0.393826451938861,0.30376224513504,7
2103,2674,18.0,0,1,0,38.32,0.261376655637053,0.860395792850171,6
1814,2245,20.1,0,1,0,7.65,0.787878360637716,0.290208118122297,7
6427,9570,20.1,0,1,0,18.01,0.784473727286684,0.301229224404277,7
5426,7870,20.1,0,1,0,21.5,0.213947335586666,0.799323796683856,7
1892,2368,20.1,0,1,0,78.54,0.496323853901573,0.27537526973849,7
4035,5530,18.7489547729492,0,1,0,9.92,0.468699079380853,0.279550085486209,7
3242,4240,20.1,0,1,0,110.03,0.492256037559758,0.326751592127865,7
1914,2406,20.1,0,1,0,36.22,0.46124047421015,0.715845590872249,7
3251,4265,20.1,0,1,0,70.3,0.48942782371823,0.687392945309767,7
1915,2409,22.5627613067627,0,2,0,67.68,0.518154160665612,0.204075717211484,1
5602,8189,20.0,0,1,0,7.03,0.58663340521304,0.300570733073929,7
1916,2410,20.1,0,1,0,31.52,0.574418323700762,0.310971212972803,7
3625,4868,20.1,0,1,0,26.8,0.557918694039129,0.327080433279161,7
1917,2411,20.0,0,1,0,31.42,0.574418323700762,0.310971212972803,7
5495,7993,20.1,0,1,0,78.81,0.608718139352184,0.32528319871055,7
1918,2412,21.9790802001953,0,1,0,64.61,0.615796126736324,0.378912258684245,6
3052,3987,17.8329849243164,0,1,0,16.7,0.632014384148746,0.344616950030791,6
2949,3828,20.1,0,1,0,73.29,0.179520262443268,0.495942799716608,7
1930,2427,20.1,0,1,0,169.52,0.264919022934896,0.470137987353519,7
1953,2464,8.0,0,1,0,38.71,0.350420302037839,0.518042081419637,7
6106,9003,17.0,0,1,0,70.89,0.329426861982977,0.48413174736359,7
1954,2465,17.0,0,1,0,38.57,0.350420302037839,0.518042081419637,7
3823,5158,20.8284511566162,0,1,0,15.35,0.368795776008902,0.512322958490502,6
1957,2468,20.9895401000977,0,1,0,42.81,0.40641122969039,0.950392686101982,7
1958,2472,20.1,0,1,0,52.43,0.249633207938407,0.615800042613636,7
2577,3310,20.1,0,1,0,52.34,0.270740262697941,0.594170940832069,7
5937,8718,20.1,0,1,0,25.84,0.270280865233264,0.629956752240146,7
2002,2528,20.3598327636719,0,1,0,23.65,0.412695310174473,0.687323744840974,1
3594,4812,19.5167369842529,0,1,0,12.67,0.41657235272637,0.708225081275248,1
7176,10872,20.6527194976807,0,1,0,9.23,0.415714692212837,0.673635192567108,7
2003,2529,19.5167369842529,0,1,0,23.34,0.412695310174473,0.687323744840974,1
8526,13475,22.6464443206787,0,1,0,12.28,0.40462109252302,0.674113045994154,6
8603,13625,17.9006271362305,0,1,0,37.33,0.406343272202557,0.655525679915948,1
5013,7170,20.1,0,1,0,19.52,0.209252803957345,0.895462828107769,7
2024,2558,22.6993732452393,0,2,0,39.79,0.218107013496893,0.884929708528779,5
8232,12825,18.0,0,1,0,5.41,0.2369841183617,0.881187183239483,6
7610,11605,22.6993732452393,0,1,0,49.54,0.251869227000432,0.883253370480888,5
2026,2565,22.5627613067627,0,2,0,10.46,0.663062446964546,0.236613556233023,1
5136,7380,17.9832630157471,0,1,0,47.67,0.332818661500505,0.696485864860462,6
7498,11410,27.0,0,1,0,19.64,0.329472124792896,0.674912818891016,6
2043,2590,26.0,0,1,0,84.31,0.368876145398699,0.674443072084877,6
8525,13474,20.6527194976807,0,1,0,11.59,0.40462109252302,0.674113045994154,6
2044,2591,27.0,0,1,0,83.31,0.368876145398699,0.674443072084877,6
2048,2595,21.884937286377,0,1,0,39.98,0.516762998157875,0.498621469945756,5
2888,3741,19.5836811065674,0,1,0,26.09,0.499482650228094,0.477683298235685,5
4925,7035,19.0,0,1,0,168.83,0.522396434099006,0.439579254775294,6
2177,2766,25.0,0,1,0,8.24,0.461920126627091,0.419981123014465,6
2049,2596,18.7489547729492,0,1,0,80.63,0.488477940124598,0.39290391031945,7
2076,2637,20.1,0,1,0,123.04,0.0828497800390012,0.280329546885428,7
2083,2645,20.1,0,1,0,51.41,0.600884260189207,0.24631102376303,7
7781,11927,22.5627613067627,0,2,0,6.97,0.60094216617464,0.221212668265621,1
4493,6330,21.2154808044434,0,2,0,11.72,0.660428649890324,0.216108929383492,1
7599,11580,20.1,0,1,0,42.76,0.659277433813821,0.184009885729891,7
4282,5932,20.8284511566162,0,1,0,83.78,0.277833672567645,0.81145599216717,6
8763,13926,27.0627613067627,0,1,0,46.81,0.262653687857982,0.864002348370605,6
2123,2699,19.0,0,1,0,30.65,0.71852556718753,0.865442119369036,6
2819,3655,20.7,0,1,0,29.79,0.698144536022228,0.855542779001883,6
6536,9772,21.4330539703369,0,1,0,6.35,0.704089554104644,0.867003555055648,6
5012,7169,21.0,0,1,0,99.1,0.133949121300094,0.230951408465609,6
2163,2743,19.7928867340088,0,1,0,12.15,0.17720025820305,0.231017642499808,6
7841,12034,20.1,0,1,0,64.39,0.153896827480158,0.255469123160681,7
2164,2745,20.1,0,1,0,111.64,0.340279400496574,0.839058709202383,7
8000,12368,20.1,0,1,0,27.74,0.141990738450021,0.505193859663346,7
2950,3829,20.1,0,1,0,73.14,0.179520262443268,0.495942799716608,7
2205,2812,20.1,0,1,0,44.53,0.154643988264555,0.525225908109786,7
2206,2813,20.1,0,1,0,44.27,0.154643988264555,0.525225908109786,7
7203,10911,20.1,0,1,0,28.45,0.156836014674769,0.561463357178953,7
4069,5597,20.1,0,1,0,35.28,0.16945581576113,0.546632012442591,7
2802,3627,20.1,0,1,0,27.51,0.636676525067454,0.792574732481909,7
4316,6010,20.1,0,1,0,39.67,0.475913688316415,0.622487538992078,7
2229,2848,20.1,0,1,0,66.2,0.436461507436395,0.631222741641046,7
2256,2884,20.7,0,1,0,4.31,0.351601351389748,0.361693783790295,6
6677,10026,15.4414224624634,0,1,0,31.85,0.352181193680058,0.348826913536865,1
2459,3158,20.7,0,1,0,24.19,0.346803687888322,0.349594909624414,6
2263,2894,20.1,0,1,0,89.61,0.302885260456206,0.620191346814761,7
6152,9082,20.8284511566162,0,1,0,35.29,0.340026021068988,0.607665444956134,6
2300,2943,21.884937286377,0,1,0,41.03,0.578436367902784,0.578180962217227,5
4321,6023,19.5836811065674,0,1,0,21.22,0.562332222315545,0.554198035251008,5
2311,2959,17.8329849243164,0,1,0,42.28,0.554953109105149,0.57553239353823,7
3370,4450,20.1,0,1,0,58.2,0.536126013359963,0.617578077075881,7
2962,3844,17.8329849243164,0,1,0,8.86,0.538517935604851,0.581939713006236,7
2330,2985,17.824634552002,0,1,0,36.65,0.620692564165124,0.560916454465254,7
2627,3376,20.1,0,1,0,77.96,0.651638996204731,0.534132726777387,7
4523,6390,20.1,0,1,0,24.68,0.614667631519644,0.537399584648874,7
2334,2990,20.7,0,1,0,106.52,0.406097380800256,0.590380053666194,6
7051,10644,20.7,0,1,0,35.96,0.341774610236197,0.323318458637791,6
2489,3195,20.1,0,1,0,88.67,0.546116083287918,0.669895793066986,7
2589,3333,18.7489547729492,0,1,0,22.48,0.513814132385185,0.679791337541452,6
3314,4382,20.1,0,1,0,30.93,0.606793738011981,0.282962241460586,7
2509,3217,20.1,0,1,0,47.16,0.635178211429302,0.291003576204719,7
2531,3245,18.7489547729492,0,1,0,16.25,0.52177838468693,0.699275130808888,6
6306,9344,18.7489547729492,0,1,0,5.2,0.506637646319379,0.66306810199751,6
5312,7664,25.0,0,1,0,77.39,0.654704959882635,0.510735891335778,6
4651,6591,19.0,0,1,0,26.01,0.690575776186538,0.533310967122961,6
2628,3378,20.1,0,1,0,8.65,0.183966111611895,0.575426570265271,7
3445,4569,20.1,0,1,0,5.87,0.190088894769092,0.576106455883282,7
2629,3379,20.1,0,1,0,8.65,0.183966111611895,0.575426570265271,7
5772,8438,20.1,0,1,0,12.63,0.176833621554541,0.575589045905713,7
2631,3381,20.1,0,1,0,36.55,0.580785127596629,0.513354685344702,7
4522,6389,20.1,0,1,0,24.49,0.599249006788769,0.527466751352951,7
4905,6998,18.7489547729492,0,1,0,10.75,0.525506972472658,0.71166561859486,6
2690,3469,25.0,0,1,0,133.0,0.509013978581609,0.434580542395886,6
2694,3473,21.9790802001953,0,1,0,62.19,0.590162988355895,0.438399528973053,6
8397,13210,17.8329849243164,0,1,0,8.29,0.602675022701376,0.409630038750216,6
2742,3538,21.2154808044434,0,2,0,18.9,0.44385365017319,0.180268810970227,1
3913,5320,21.2154808044434,0,2,0,45.72,0.465428649782878,0.18297123719459,1
2751,3550,20.1,0,1,0,100.27,0.824608142522422,0.208449557855658,7
6059,8914,20.1,0,1,0,7.21,0.785372264133782,0.208736603329382,7
7101,10742,27.0,0,1,0,43.91,0.193436022583595,0.66664464585968,6
2783,3594,26.0,0,1,0,33.42,0.2234404195595,0.667812432374632,6
5621,8221,20.1,0,1,0,20.79,0.653277352161144,0.774142626170821,7
3383,4469,20.1,0,1,0,47.31,0.63277885855793,0.764888268823191,7
3580,4792,23.2133884429932,0,1,0,31.65,0.694406828205752,0.830898696634622,3
5195,7466,20.8493728637695,0,1,0,12.48,0.685184763887738,0.853600569124239,3
2827,3667,20.1,0,1,0,19.15,0.208081617463854,0.49746250101552,7
2917,3788,17.9832630157471,0,1,0,25.98,0.28894301631053,0.838153493030835,6
7937,12226,26.0,0,1,0,12.96,0.287800265381425,0.831744674001604,6
6846,10324,19.1663188934326,0,1,0,43.74,0.481889922280272,0.455149021142485,5
2887,3740,21.884937286377,0,1,0,26.08,0.499482650228094,0.477683298235685,5
5589,8170,17.9832630157471,0,1,0,36.47,0.288687468148415,0.868332031629652,6
3892,5282,14.0,0,1,0,13.6,0.641733095399717,0.340348618037396,7
2922,3794,17.8329849243164,0,1,0,46.62,0.644643797351426,0.315681707196959,6
3051,3986,21.9790802001953,0,1,0,16.62,0.632014384148746,0.344616950030791,6
2977,3863,20.1,0,1,0,31.06,0.269733916144767,0.656196935905079,7
5938,8719,20.1,0,1,0,25.59,0.270280865233264,0.629956752240146,7
2984,3872,27.0627613067627,0,1,0,55.41,0.211309712933058,0.935090381018038,6
3914,5322,22.5627613067627,0,2,0,37.1,0.463130365112391,0.199236440490152,1
8766,13931,15.4414224624634,0,1,0,10.28,0.382927470079894,0.533362054360866,1
3040,3971,27.8891220092773,0,2,0,64.54,0.925397613469033,0.292852065537114,5
3060,3996,20.8493728637695,0,1,0,4.66,0.880576685651968,0.391782520316293,3
5043,7226,23.2133884429932,0,2,0,32.99,0.893875031123606,0.364123669834969,3
3179,4163,22.6993732452393,0,1,0,8.65,0.197871328835548,0.886210861069329,5
3185,4170,20.4665279388428,0,1,0,22.05,0.365207857900164,0.38355999605925,1
3200,4190,21.2154808044434,0,2,0,18.29,0.671666250401231,0.220905634088113,1
4494,6333,21.2154808044434,0,2,0,4.77,0.67912772349764,0.22826166109474,1
3369,4449,20.1,0,1,0,46.4,0.395129564695262,0.751433684904182,7
3375,4457,20.1,0,1,0,47.37,0.168527911206619,0.703117693596353,7
7477,11374,20.1,0,1,0,8.6,0.17201062772997,0.680215750195097,7
3776,5082,20.1,0,1,0,54.33,0.168545004970531,0.751235326025401,7
3401,4495,21.0,0,1,0,49.0,0.336668260043815,0.434426373590086,7
3403,4497,20.8284511566162,0,1,0,128.75,0.303805675307169,0.726490916053588,6
4283,5933,27.0627613067627,0,1,0,83.9,0.277833672567645,0.81145599216717,6
4164,5749,20.1,0,1,0,41.45,0.238263120938919,0.57223206725377,7
6242,9243,22.0,0,1,0,35.41,0.207475273377946,0.575053440977426,7
3920,5339,20.1,0,1,0,27.93,0.21867564556754,0.558747087592388,7
3420,4518,20.1,0,1,0,9.03,0.161438109740692,0.576219523631199,7
5413,7844,20.1,0,1,0,10.28,0.169161190432298,0.57618386512315,7
7202,10910,20.1,0,1,0,28.56,0.156836014674769,0.561463357178953,7
3421,4519,20.1,0,1,0,9.19,0.161438109740692,0.576219523631199,7
7865,12080,20.1,0,1,0,29.99,0.145826941591524,0.577401656086367,7
3436,4546,21.2154808044434,0,2,0,27.03,0.781582887331972,0.264832552149046,1
6271,9292,20.1,0,1,0,4.72,0.773131430702526,0.256014293410804,7
3444,4568,20.1,0,1,0,6.03,0.190088894769092,0.576106455883282,7
6241,9242,20.1,0,1,0,35.19,0.207475273377946,0.575053440977426,7
7190,10892,22.0,0,1,0,17.95,0.193273927044168,0.586857244769266,7
3457,4595,22.6993732452393,0,1,0,20.45,0.280563678078079,0.885267538876508,5
4495,6334,21.2154808044434,0,2,0,94.94,0.726464460634583,0.24224025796478,1
7570,11520,20.7,0,1,0,7.32,0.370128727075651,0.478473996130446,6
3506,4680,15.4414224624634,0,1,0,43.9,0.370543655914933,0.46208175914502,1
3508,4685,15.4414224624634,0,1,0,16.05,0.366247736762183,0.435535558716128,1
3507,4682,20.4665279388428,0,1,0,46.99,0.376474529390218,0.445945150391179,1
4420,6192,20.4665279388428,0,1,0,10.28,0.380624685813789,0.471238048444725,1
7845,12042,15.4414224624634,0,2,0,14.86,0.364648136740611,0.413957045680672,1
7545,11484,20.7,0,1,0,8.94,0.423247021604087,0.714973998381654,6
3595,4813,20.3598327636719,0,1,0,12.47,0.41657235272637,0.708225081275248,1
6340,9407,19.5167369842529,0,1,0,133.67,0.427085651271245,0.772493750118183,1
3614,4850,20.1,0,1,0,72.17,0.885183230299327,0.428950171437786,7
5640,8249,20.1,0,1,0,49.19,0.909811474886727,0.457693601162646,7
4426,6202,20.1,0,1,0,44.6,0.894357182343299,0.487718007730119,7
7191,10893,20.1,0,1,0,17.98,0.193273927044168,0.586857244769266,7
5969,8775,22.0,0,1,0,22.06,0.194953086494732,0.608776264481424,7
3671,4934,6.7,0,1,0,29.44,0.17547484942171,0.598726432707254,7
3731,5015,25.7112979888916,0,2,0,19.68,0.102632447900509,0.136302618292333,1
6779,10213,25.7112979888916,0,2,0,12.63,0.113420074754704,0.137652738400087,1
4487,6319,21.2154808044434,0,2,0,58.44,0.418084176563935,0.17648578526501,1
3771,5073,20.1,0,1,0,27.26,0.605740808140889,0.826748883110656,7
4070,5599,20.1,0,1,0,26.74,0.620517143713627,0.811280535309715,7
6944,10490,22.0,0,1,0,30.44,0.201347788890212,0.633936849734552,7
5968,8774,20.1,0,1,0,22.22,0.194953086494732,0.608776264481424,7
3824,5161,20.8284511566162,0,1,0,7.3,0.373730648476337,0.500298363689475,6
9096,14565,25.7112979888916,0,2,0,54.95,0.247466106367454,0.148400989880579,1
3837,5184,20.1,0,1,0,159.12,0.209827054060945,0.0732676063443945,7
4607,6527,17.9006271362305,0,1,0,45.02,0.39399926426967,0.584564705474554,1
3876,5255,20.4665279388428,0,1,0,33.43,0.405400364408677,0.620223895878135,1
7745,11861,20.7,0,1,0,17.51,0.391664321237797,0.624328064713648,6
3911,5317,21.2154808044434,0,2,0,14.68,0.486752090614504,0.190355674148088,1
3912,5319,22.5627613067627,0,2,0,16.61,0.444172043302438,0.196879068658901,1
3919,5337,22.5627613067627,0,2,0,97.49,0.721138275743098,0.258166437800748,1
7655,11706,22.5627613067627,0,2,0,7.25,0.684409137329068,0.240531166553943,1
6796,10240,20.1,0,1,0,47.43,0.199053497296087,0.545166891910372,7
7957,12282,20.1,0,1,0,25.81,0.214128602994872,0.530286968738817,7
3958,5401,20.1,0,1,0,17.39,0.208833316781048,0.782586370467677,7
3961,5405,25.5690383911133,0,1,0,74.48,0.406795598202839,0.874547877126663,5
6781,10216,18.7029285430908,0,1,0,8.76,0.438296390824505,0.87226073952187,5
3982,5436,25.8514652252197,0,2,0,12.37,0.109874771391054,0.153462238465827,1
4023,5514,20.1,0,1,0,11.43,0.176680093204849,0.673372389322116,7
5275,7605,24.5782890319824,0,2,0,11.48,0.328989475445608,0.158348173202939,3
4063,5581,22.5627613067627,0,2,0,62.82,0.355782820030779,0.178131339401339,1
4068,5596,20.1,0,1,0,35.66,0.16945581576113,0.546632012442591,7
6797,10241,20.1,0,1,0,47.62,0.199053497296087,0.545166891910372,7
4166,5752,22.6993732452393,0,1,0,9.11,0.320916340986621,0.879420528283241,5
4705,6662,25.5690383911133,0,1,0,5.53,0.312515590654003,0.882799416058378,5
4216,5828,21.0,0,1,0,6.26,0.351381514340969,0.415128244003819,7
6035,8878,20.1,0,1,0,6.36,0.944549329609232,0.396968988408379,7
4259,5904,18.6715488433838,0,2,0,68.52,0.92535895588418,0.367801726241498,1
6771,10191,19.5167369842529,0,1,0,11.97,0.438254974740823,0.836627956925921,1
4355,6088,20.7,0,1,0,9.79,0.430498737350076,0.828304312379928,6
6339,9406,20.3598327636719,0,1,0,134.6,0.427085651271245,0.772493750118183,1
7652,11699,20.4665279388428,0,1,0,37.58,0.384706554119064,0.492316582371708,1
8312,13010,19.0,0,1,0,22.16,0.691129781970154,0.865061345178003,4
4425,6201,13.0,0,1,0,57.46,0.716147138358731,0.887864133656235,4
4489,6323,21.2154808044434,0,2,0,47.23,0.562842961491774,0.195482323223602,1
4491,6326,21.2154808044434,0,2,0,11.84,0.605062912932685,0.203241895690024,1
4492,6329,21.2154808044434,0,2,0,26.99,0.619832994050783,0.205229791116036,1
4496,6337,21.2154808044434,0,2,0,13.96,0.765412349800681,0.256827496984502,1
4524,6391,20.1,0,1,0,24.31,0.614667631519644,0.537399584648874,7
4521,6388,20.1,0,1,0,24.49,0.599249006788769,0.527466751352951,7
5817,8519,20.1,0,1,0,13.03,0.375275781069563,0.760035876046822,7
4674,6623,18.7489547729492,0,1,0,31.54,0.482329121746801,0.477434097279247,7
4704,6661,22.6993732452393,0,1,0,5.87,0.312664261588739,0.879476351193392,5
4721,6684,20.4665279388428,0,2,0,23.18,0.389202164350557,0.520675478786924,1
6380,9468,20.4665279388428,0,2,0,35.24,0.389410705920698,0.548204414949459,1
4820,6855,20.1,0,1,0,61.93,0.573468179630738,0.21933943004102,7
5780,8455,22.5627613067627,0,2,0,20.36,0.587980707656858,0.21822769116613,1
7945,12240,20.1,0,1,0,8.01,0.547306502405669,0.215465188507428,7
4827,6868,25.5690383911133,0,1,0,19.46,0.224308727046013,0.898239002516955,5
4841,6892,22.6993732452393,0,1,0,8.86,0.300050650844894,0.879845406741207,5
7591,11560,22.6993732452393,0,1,0,9.78,0.306423603125127,0.878781743723494,5
6004,8833,20.1,0,1,0,39.55,0.474456980412893,0.526086562382901,7
4927,7038,15.4414224624634,0,2,0,32.75,0.333730125496114,0.243786277179434,1
4930,7043,25.7112979888916,0,2,0,112.91,0.185742946356796,0.143443783073122,1
5042,7225,20.8493728637695,0,2,0,5.04,0.886019825790812,0.384121743204961,3
5141,7388,25.7112979888916,0,2,0,12.58,0.138699985650703,0.140050230649749,1
8882,14146,25.7112979888916,0,2,0,4.72,0.144501913236791,0.140287610812803,1
5202,7475,20.1,0,1,0,108.1,0.250597448279758,0.51399207657923,7
8444,13303,20.1,0,1,0,8.26,0.211219926448579,0.51151256199758,7
5863,8602,20.1,0,1,0,68.11,0.82645179047158,0.312793184175722,7
5246,7549,27.0627613067627,0,1,0,53.1,0.240732971614341,0.906832425107234,6
5356,7749,25.8514652252197,0,2,0,3.93,0.116409891714421,0.15367998540643,1
5773,8439,20.1,0,1,0,12.63,0.176833621554541,0.575589045905713,7
5414,7845,20.1,0,1,0,10.28,0.169161190432298,0.57618386512315,7
6978,10547,19.5836811065674,0,2,0,17.77,0.39392185544929,0.407991729089607,5
7502,11418,20.8284511566162,0,1,0,13.18,0.333910876315218,0.628318593761678,6
7083,10705,20.3598327636719,0,1,0,26.01,0.442151558729217,0.857878225365823,1
6782,10217,25.5690383911133,0,1,0,8.51,0.438296390824505,0.87226073952187,5
7568,11518,19.5167369842529,0,1,0,27.97,0.445856008139884,0.886108151327647,1
8139,12646,20.1,0,1,0,13.22,0.930321334122649,0.451095751589042,7
5639,8248,20.1,0,1,0,49.49,0.909811474886727,0.457693601162646,7
8177,12722,22.5627613067627,0,2,0,50.69,0.56181903043179,0.214353449632538,1
5790,8477,15.4414224624634,0,1,0,30.61,0.379947074914213,0.515684705502546,1
5808,8504,14.0,0,1,0,13.86,0.839426106319431,0.466871166255728,7
5935,8716,20.1,0,1,0,7.07,0.779249726012406,0.319914376596465,7
6430,9573,20.1,0,1,0,11.55,0.781297184326908,0.312727616159577,7
6426,9569,20.1,0,1,0,13.73,0.776823719288995,0.329852055886479,7
5936,8717,20.1,0,1,0,7.07,0.779249726012406,0.319914376596465,7
6077,8949,25.7112979888916,0,2,0,25.18,0.126053765342413,0.139078429048127,1
7979,12324,18.7489547729492,0,1,0,9.72,0.459623678718036,0.497652900368934,7
7307,11093,20.1,0,1,0,9.46,0.174334270248185,0.723560527892468,7
6167,9113,20.1,0,1,0,43.28,0.177816986771537,0.700658584491213,7
6650,9975,20.8284511566162,0,1,0,29.65,0.348255721314514,0.580034902271895,6
6274,9295,20.1,0,1,0,51.23,0.777549069538291,0.230803617903361,7
6272,9293,20.1,0,1,0,4.72,0.773131430702526,0.256014293410804,7
6428,9571,20.1,0,1,0,18.06,0.784473727286684,0.301229224404277,7
6429,9572,20.1,0,1,0,11.55,0.781297184326908,0.312727616159577,7
8779,13953,17.8329849243164,0,1,0,17.46,0.552241284579069,0.55284355946928,7
6675,10022,15.4414224624634,0,1,0,78.98,0.344369175401955,0.30252236935031,1
6676,10025,15.4414224624634,0,1,0,10.75,0.337403721879698,0.264749925089636,1
7145,10825,21.884937286377,0,2,0,10.4,0.380304971505245,0.396480311171539,5
7274,11032,19.5836811065674,0,2,0,6.11,0.371457671639394,0.402522632488404,5
7485,11386,20.3598327636719,0,1,0,9.03,0.44947556506853,0.905009689823075,1
8088,12529,19.5167369842529,0,1,0,29.75,0.45404284189122,0.928394802535246,1
7569,11519,20.3598327636719,0,1,0,28.46,0.445856008139884,0.886108151327647,1
7486,11387,19.5167369842529,0,1,0,9.03,0.44947556506853,0.905009689823075,1
7882,12110,20.1,0,1,0,30.55,0.124139549099468,0.579802678638511,7
7866,12081,20.1,0,1,0,30.08,0.145826941591524,0.577401656086367,7
8617,13648,26.0,0,1,0,55.93,0.277088038389772,0.85839595405103,6
8823,14037,18.7489547729492,0,1,0,19.3,0.467221045643182,0.490239183150939,7
7998,12362,26.0,0,1,0,64.78,0.264637716811817,0.919664082226596,6
8812,14016,20.1,0,1,0,12.29,0.231640266725364,0.629858091723079,7
8618,13651,26.0,0,1,0,15.56,0.268927060278013,0.88656608142624,6
8842,14067,27.0627613067627,0,1,0,12.65,0.256017872258091,0.887918853346789,6
8813,14019,20.1,0,1,0,9.03,0.229618352552936,0.619210310856839,7
1431,1715,20.4665279388428,0,2,0,43.71,0.334697887639517,0.195898878502428,1
3217,4209,25.8514652252197,0,2,0,46.87,0.303505856562191,0.171753582131774,1
5804,8496,29.868200302124,0,2,0,10.03,0.321843359048604,0.157197711321458,3
1340,1594,21.2154808044434,0,2,0,62.39,0.354401361276028,0.170803857179605,1
2120,2694,23.0,0,1,0,17.53,0.607316696418213,0.61847474125292,7
1069,1207,21.884937286377,0,2,0,45.62,0.635376121131406,0.638086941105861,5
796,816,17.824634552002,0,1,0,23.82,0.601191902624877,0.63763330539137,7
1245,1456,22.0,0,1,0,78.98,0.306109275576026,0.481661083054891,7
6372,9456,23.9979114532471,0,1,0,80.07,0.319018047370765,0.414687789720457,7
1929,2426,20.1,0,1,0,169.71,0.264919022934896,0.470137987353519,7
6105,9002,8.0,0,1,0,70.48,0.329426861982977,0.48413174736359,7
3959,5403,15.4414224624634,0,1,0,23.4,0.359625696201781,0.381658241651392,1
8374,13161,20.4665279388428,0,1,0,11.4,0.368861885658336,0.412267187064056,1
4215,5826,21.0,0,1,0,8.8,0.358858473699398,0.406512630356402,7
8789,13974,21.884937286377,0,2,0,3.93,0.369740477599021,0.397812085146435,5
1149,1322,16.9728031158447,0,3,0,27.42,0.920516534413673,0.339769820020099,3
3964,5409,22.5627613067627,0,2,0,45.61,0.884990514349038,0.335581867787386,1
4497,6338,18.1694564819336,0,2,0,44.07,0.921482193277304,0.352533678167945,1
8268,12896,27.8891220092773,0,2,0,8.17,0.906356945535378,0.332831627209832,5
5176,7434,20.8493728637695,0,2,0,28.78,0.896792086551279,0.362255142766436,3
7491,11396,19.5836811065674,0,2,0,9.47,0.382577094073634,0.405722508587808,5
684,658,18.0,0,1,0,22.07,0.280685572978514,0.891454418730821,6
1682,2076,25.5690383911133,0,1,0,24.22,0.27996101590666,0.887969425748781,5
5611,8204,22.6993732452393,0,1,0,5.5,0.29422618130871,0.883751572180032,5
2456,3154,22.0,0,1,0,70.91,0.309891598032393,0.919819440057661,7
7353,11174,20.7,0,1,0,10.55,0.38085795250224,0.563574216641018,6
6381,9470,17.9006271362305,0,1,0,24.64,0.386213198302831,0.551481581794446,1
4606,6526,20.4665279388428,0,1,0,44.0,0.39399926426967,0.584564705474554,1
981,1085,21.0,0,1,0,45.71,0.55178409243654,0.648161566718371,7
3669,4932,17.824634552002,0,1,0,20.45,0.517746669837432,0.652566514067965,7
3371,4451,20.1,0,1,0,58.44,0.536126013359963,0.617578077075881,7
1092,1242,13.0,0,1,0,29.86,0.486195137016779,0.601482226156106,6
2212,2821,18.7489547729492,0,1,0,34.18,0.475529576252343,0.569127529755125,6
3165,4147,20.1,0,1,0,69.82,0.508765667366974,0.580529970009805,7
8407,13230,20.7,0,1,0,9.79,0.443502362835202,0.903731777479004,6
4947,7064,22.5627613067627,0,2,0,9.98,0.612596004620154,0.222535730891808,1
6883,10389,22.5627613067627,0,2,0,55.18,0.638898091381487,0.22894393293534,1
3875,5254,17.9006271362305,0,1,0,33.51,0.400701951479585,0.620923471922248,1
3877,5256,20.7,0,1,0,8.05,0.397930094863032,0.63557170264045,6
8602,13624,20.4665279388428,0,1,0,37.23,0.411041685131649,0.654826103871835,1
2230,2849,20.1,0,1,0,66.12,0.436461507436395,0.631222741641046,7
6437,9583,17.8329849243164,0,1,0,20.66,0.541719245305459,0.568516999874268,7
1417,1691,20.1,0,1,0,69.51,0.508765667366974,0.580529970009805,7
8282,12925,21.9790802001953,0,1,0,6.53,0.677019275103433,0.241689244736595,6
3812,5142,27.5313816070557,0,1,0,7.05,0.683740301060463,0.224048518681678,6
8176,12720,22.5627613067627,0,2,0,8.12,0.673995760016157,0.235876409433889,1
3483,4648,21.2154808044434,0,2,0,10.06,0.687445550361932,0.231851378215599,1
7289,11058,22.6694564819336,0,1,0,84.51,0.47856534245785,0.23520428721259,6
2995,3891,22.5627613067627,0,2,0,15.17,0.484152455221865,0.198428789788134,1
4488,6320,21.2154808044434,0,2,0,66.73,0.518310797613186,0.194831268410267,1
8447,13312,26.7343101501465,0,1,0,97.49,0.512894094150891,0.146986511212284,6
1427,1709,22.6993732452393,0,2,0,40.69,0.0888071710861636,0.893685480093535,5
1135,1302,20.1,0,1,0,86.55,0.0950950677509669,0.511958250445363,7
2816,3651,24.0,0,1,0,49.28,0.0703765989713455,0.549877091942305,7
1499,1807,17.0,0,1,0,46.06,0.719735169922401,0.926568389851923,7
8087,12528,20.3598327636719,0,1,0,29.75,0.45404284189122,0.928394802535246,1
904,973,18.7489547729492,0,1,0,49.22,0.592658090137395,0.888230484273061,6
908,978,18.6422595977783,0,1,0,92.61,0.65045755680955,0.940512325197885,3
8322,13025,20.1,0,1,0,16.07,0.280274393858152,0.358649510681823,7
721,712,23.0,0,1,0,228.71,0.180840273270609,0.341073388347697,7
8364,13135,19.7928867340088,0,1,0,20.71,0.0318529741725072,0.224075343260894,6
1695,2093,20.1,0,1,0,15.18,0.217813084002559,0.255755649712272,7
7685,11753,20.1,0,1,0,30.26,0.409120835132089,0.386367362980286,7
1558,1884,6.7,0,1,0,11.14,0.11431782715165,0.636756576800682,7
4823,6861,20.1,0,1,0,43.77,0.308229596122119,0.643391506809571,7
3732,5016,25.7112979888916,0,2,0,43.29,0.0668272377478346,0.131291954367738,1
3838,5185,20.1,0,1,0,159.5,0.209827054060945,0.0732676063443945,7
641,593,20.1,0,1,0,155.39,0.256866834336708,0.077292110469253,7
4062,5579,24.5782890319824,0,2,0,52.48,0.325295308475223,0.11697605015756,3
8448,13313,22.6966533660889,0,1,0,97.51,0.512894094150891,0.146986511212284,6
3618,4855,15.0,0,1,0,41.08,0.567623278137551,0.176780328546001,7
7600,11581,20.1,0,1,0,42.32,0.659277433813821,0.184009885729891,7
3764,5063,28.458158493042,0,1,0,86.59,0.696703914886248,0.171101428185063,6
7529,11459,20.1,0,1,0,70.95,0.768062840861248,0.167922725729249,7
6200,9167,20.1,0,1,0,59.42,0.742348616445225,0.202822083870601,7
579,505,21.8242683410645,0,1,0,44.78,0.856015322408925,0.180226569919052,6
5555,8100,18.6715488433838,0,2,0,70.34,0.973035309942144,0.413191051732363,1
4427,6203,20.1,0,1,0,44.65,0.894357182343299,0.487718007730119,7
2457,3155,16.0,0,1,0,70.87,0.309891598032393,0.919819440057661,7
5934,8712,20.1,0,1,0,62.85,0.338399768538009,0.909923932357271,7
1579,1915,20.1,0,1,0,56.09,0.0703188473920707,0.776353702915591,7
3129,4101,26.0,0,1,0,63.48,0.0612345643496689,0.62981342358864,6
3672,4935,6.7,0,1,0,29.42,0.17547484942171,0.598726432707254,7
2361,3029,19.0,0,1,0,53.2,0.825634651828915,0.882130963064564,6
4692,6645,21.5523014068604,0,1,0,106.49,0.785281306176812,0.735471646346051,5
1856,2315,16.8493728637695,0,1,0,261.7,0.880060350932388,0.649833140492381,6
6347,9416,26.8200836181641,0,2,0,62.47,0.923687959817728,0.302277507723727,5
3163,4143,18.7656898498535,0,1,0,44.62,0.892775349766243,0.263498093673499,6
