EndNode1,EndNode2,TurnID,DualNode,Weight
1,3,185632,2,1.0
2,435,132046,218,1.0
3,438,186198,220,1.0
4,6,141476,4,1.0
4,7,141475,4,1.0
5,664,178034,358,1.0
6,109,154036,54,1.0
6,110,154037,54,1.0
7,415,103860,208,1.0
7,416,103859,208,1.0
8,11,118179,6,1.0
8,12,118180,6,1.0
9,320,144512,154,1.0
9,321,144513,154,1.0
10,9,118177,5,1.0
11,413,133973,206,1.0
12,479,181510,240,1.0
13,156,111920,77,1.0
13,157,111921,77,1.0
15,18,127629,9,1.0
15,19,127628,9,1.0
16,208,181969,102,1.0
16,209,181968,102,0.0
18,422,100971,211,1.0
18,423,100972,211,1.0
20,18,127631,9,1.0
20,19,127630,9,1.0
21,240,151905,116,1.0
22,402,150529,198,1.0
23,25,136111,12,1.0
23,26,136112,12,1.0
23,27,136113,12,1.0
24,670,189744,363,1.0
25,74,172298,35,1.0
25,75,172299,35,1.0
26,329,189330,158,1.0
26,330,189331,158,1.0
27,578,151450,299,1.0
27,579,151449,299,1.0
28,31,137827,14,1.0
28,32,137828,14,1.0
29,305,135515,146,1.0
30,567,110163,291,1.0
31,78,110164,37,1.0
32,433,137835,217,1.0
32,434,137834,217,1.0
33,34,143640,16,1.0
34,655,128523,350,1.0
35,38,148268,18,1.0
35,39,148269,18,1.0
36,100,184392,49,1.0
37,307,185449,147,1.0
38,33,160370,15,1.0
39,691,148267,378,1.0
40,42,193278,20,1.0
41,610,191563,317,1.0
42,101,168164,50,1.0
43,48,168160,22,1.0
43,49,168161,22,1.0
44,224,179782,108,1.0
45,536,190975,271,1.0
46,538,156411,272,1.0
47,44,152181,21,1.0
47,45,152182,21,1.0
47,46,152180,21,1.0
48,516,127611,259,1.0
48,517,127612,259,1.0
48,518,127613,259,1.0
49,528,127619,266,1.0
50,52,156726,24,1.0
50,53,156727,24,1.0
51,374,140228,182,1.0
51,375,140229,182,1.0
52,152,166703,75,1.0
52,153,166704,75,1.0
53,190,108177,94,1.0
54,57,172709,26,1.0
55,155,131819,76,1.0
56,55,138458,25,1.0
57,343,118327,166,1.0
57,344,118328,166,1.0
57,345,118326,166,1.0
58,60,127336,28,1.0
58,61,127337,28,0.3
59,315,146578,152,1.0
59,316,146576,152,1.0
59,317,146577,152,1.0
60,141,183157,70,1.0
61,316,146583,152,1.0
61,317,146584,152,1.0
62,65,148300,30,1.0
63,639,116575,338,1.0
64,63,131916,29,1.0
65,682,134105,371,1.0
66,69,187624,32,1.0
67,349,132882,168,1.0
68,67,159459,31,1.0
69,709,187623,390,1.0
70,73,142805,34,1.0
71,207,181972,102,1.0
71,209,181973,102,0.0
72,382,106044,187,1.0
72,383,106045,187,1.0
73,409,184892,203,1.0
74,76,137356,36,1.0
74,77,137355,36,1.0
75,577,151447,299,1.0
75,578,151448,299,1.0
75,579,151446,299,1.0
76,543,160909,276,1.0
76,544,160908,276,1.0
77,613,132579,319,1.0
78,567,110162,291,1.0
79,28,135508,13,1.0
79,29,135509,13,1.0
79,30,135510,13,1.0
80,280,157517,134,1.0
80,281,157516,134,1.0
81,338,150693,164,1.0
81,339,150694,164,1.0
82,83,105718,41,1.0
82,84,105719,41,1.0
83,183,110167,91,1.0
84,473,105724,238,1.0
84,474,105725,238,1.0
84,475,105723,238,1.0
85,157,111922,77,1.0
87,3,185633,2,1.0
88,89,184430,44,1.0
89,566,184429,290,1.0
90,92,195761,46,1.0
90,93,195762,46,1.0
91,378,120472,184,1.0
92,227,151438,110,1.0
92,228,151439,110,1.0
93,550,107395,280,1.0
93,551,107396,280,1.0
94,98,158274,48,1.0
94,99,158273,48,1.0
95,210,109266,103,1.0
96,628,144797,330,1.0
97,95,118944,47,1.0
97,96,118943,47,1.0
98,496,165558,249,1.0
99,636,128331,336,1.0
100,519,179547,260,1.0
101,102,115035,51,1.0
101,103,115036,51,1.0
102,318,129389,153,1.0
103,535,188457,270,1.0
104,622,119105,326,1.0
105,623,197861,327,1.0
106,394,153187,194,1.0
106,395,153185,194,1.0
106,396,153186,194,1.0
107,761,198511,414,1.0
107,762,198510,414,3.33333333333333
107,763,198512,414,3.33333333333333
108,7,141479,4,1.0
109,111,191125,55,1.0
110,256,121625,122,1.0
111,414,159266,207,1.0
112,114,153034,57,1.0
113,724,197744,400,1.0
113,726,197743,400,1.0
113,727,197745,400,1.0
114,728,197761,401,1.0
114,729,197759,401,1.0
114,731,197760,401,2.0
115,116,195374,59,1.0
116,597,119890,310,1.0
117,121,163279,61,1.0
117,122,163278,61,1.0
118,273,178552,130,1.0
118,274,178553,130,1.0
119,485,186513,243,1.0
120,118,119176,60,1.0
120,119,119175,60,1.0
121,262,115690,126,1.0
121,263,115691,126,1.0
122,440,112255,221,1.0
122,441,112254,221,1.0
123,126,186342,63,1.0
123,127,186341,63,1.0
124,722,197724,399,1.0
124,723,197725,399,0.5
125,124,142272,62,1.0
126,512,186346,257,1.0
126,513,186345,257,1.0
127,745,197870,406,1.0
127,746,197871,406,1.0
128,132,148605,65,1.0
128,133,148604,65,1.0
129,143,139398,71,1.0
129,144,139397,71,1.0
129,145,139399,71,2.0
130,189,108176,94,1.0
130,190,108175,94,1.0
131,129,134371,64,1.0
131,130,134372,64,0.5
132,229,103312,111,1.0
132,230,103313,111,1.0
133,721,197730,399,1.0
133,723,197731,399,1.0
134,135,190847,67,1.0
134,136,190848,67,1.0
135,176,120272,87,1.0
135,177,120273,87,1.0
136,286,187752,136,1.0
136,287,187751,136,1.0
137,58,130376,27,1.0
137,59,130377,27,0.3
138,406,190819,201,1.0
139,542,105921,275,1.0
141,732,197764,402,1.0
141,734,197765,402,1.11111111111111
141,735,197763,402,0.666666666666667
141,736,0,401,1.0
142,128,134373,64,1.0
142,130,134374,64,1.0
143,150,165348,74,1.0
143,151,165349,74,1.0
144,283,136350,135,1.0
144,284,136351,135,1.0
146,148,122109,73,1.0
148,205,128239,101,1.0
148,206,128238,101,1.0
149,142,139403,71,1.0
149,144,139404,71,1.0
149,145,139405,71,2.0
150,153,166702,75,1.0
151,189,108174,94,1.0
151,190,108173,94,1.0
152,149,165347,74,1.0
152,151,165346,74,0.5
153,548,124446,278,1.0
154,54,138459,25,1.0
155,185,143529,92,1.0
156,86,111928,42,1.0
157,494,147890,248,1.0
157,495,147891,248,1.0
158,178,183281,88,1.0
160,162,100348,80,1.0
160,163,100349,80,1.0
161,390,155711,192,1.0
162,641,115503,339,1.0
162,642,115504,339,1.0
163,679,164526,370,1.0
163,680,164527,370,1.0
164,717,197716,398,1.0
164,719,197714,398,1.0
164,720,197715,398,1.66666666666667
165,167,177592,83,1.0
165,168,177593,83,0.0
166,432,137833,217,1.0
166,434,137832,217,1.0
167,214,197800,105,1.0
167,215,197802,105,1.0
167,216,197801,105,1.0
169,40,158834,19,1.0
169,41,158835,19,1.0
170,171,106712,85,1.0
171,678,164522,370,1.0
171,679,164521,370,1.0
171,680,164523,370,1.0
172,177,120271,87,1.0
173,285,187754,136,1.0
173,287,187753,136,1.0
174,347,116515,167,1.0
174,348,116516,167,1.0
175,689,195794,376,1.0
176,173,116502,86,1.0
176,174,116501,86,1.0
176,175,116503,86,1.0
177,362,120274,177,1.0
178,179,115206,89,1.0
178,180,115205,89,1.0
179,89,184431,44,1.0
180,239,151903,116,1.0
180,240,151904,116,3.0
181,404,194108,200,1.0
182,84,105720,41,1.0
183,742,197852,405,1.0
183,743,197855,405,1.0
184,154,131820,76,1.0
185,187,189062,93,1.0
185,188,189063,93,1.0
186,184,143528,92,1.0
187,565,132020,289,1.0
188,602,183752,312,1.0
188,603,183751,312,0.0
189,52,156728,24,1.0
190,275,108179,131,1.0
190,276,108178,131,1.0
191,293,158282,139,1.0
191,294,158283,139,0.0
192,391,196101,193,1.0
192,392,196102,193,1.0
193,416,103862,208,1.0
194,195,165024,97,1.0
194,196,197941,97,1.0
195,458,141432,231,1.0
196,751,197943,408,1.0
197,102,115037,51,1.0
197,103,115038,51,1.0
198,357,135503,173,1.0
199,203,144174,100,1.0
199,204,144175,100,1.0
200,235,159770,114,1.0
200,236,159769,114,1.0
201,547,124447,278,1.0
202,645,161175,341,1.0
203,169,158837,84,1.0
203,170,158836,84,1.0
204,503,184862,252,1.0
205,397,137188,195,1.0
206,490,162814,246,1.0
207,15,123218,8,1.0
207,17,123219,8,1.0
208,70,138820,33,1.0
208,72,138821,33,1.0
210,194,184131,96,1.0
211,214,123807,105,1.0
211,216,123805,105,1.0
211,217,197804,105,2.0
212,389,195685,191,1.0
213,480,197864,241,1.0
213,482,104140,241,1.0
214,33,160371,15,1.0
215,212,104143,104,1.0
215,213,104144,104,1.0
216,219,124240,106,1.0
216,220,124241,106,1.0
217,676,175577,368,1.0
218,214,123810,105,1.0
218,215,123808,105,1.0
218,217,197803,105,2.0
219,439,112258,221,1.0
219,441,112259,221,1.0
220,765,198527,415,1.0
220,766,198529,415,1.0
220,767,198528,415,0.3
221,223,179781,108,1.0
222,323,179623,155,1.0
222,324,179624,155,1.0
223,43,152186,21,1.0
223,45,152188,21,1.0
223,46,152187,21,1.0
224,222,179619,107,1.0
225,267,116692,128,1.0
225,268,116691,128,1.0
226,721,197727,399,1.0
226,722,197726,399,2.0
227,247,195780,119,1.0
228,429,151442,214,1.0
229,231,120943,112,1.0
229,232,120944,112,1.0
230,336,103314,163,1.0
231,342,118332,166,1.0
231,344,118334,166,1.0
231,345,118333,166,1.0
232,527,127618,266,1.0
233,94,118945,47,1.0
233,95,118947,47,1.0
233,96,118946,47,1.0
234,199,165249,99,1.0
234,201,165250,99,1.0
234,202,165251,99,1.0
237,239,151901,116,1.0
237,240,151902,116,3.0
238,386,183742,189,1.0
239,20,116527,10,1.0
239,22,116528,10,1.0
240,87,186541,43,1.0
240,88,186540,43,1.0
241,245,183432,118,1.0
241,246,183433,118,1.0
244,242,158721,117,1.0
244,243,158720,117,0.0
245,541,105922,275,1.0
246,696,194202,381,1.0
247,652,195781,347,1.0
248,252,151312,121,1.0
248,253,151314,121,1.0
248,254,151313,121,1.0
249,418,160910,209,1.0
249,419,160911,209,1.0
250,559,193771,284,1.0
251,249,117656,120,1.0
251,250,117657,120,1.0
252,420,138420,210,1.0
252,421,138419,210,0.0
253,473,105727,238,1.0
253,475,105726,238,1.0
254,576,184096,298,1.0
255,108,154035,54,1.0
255,109,154034,54,1.0
256,257,175241,123,1.0
256,258,175242,123,0.3
257,300,174862,142,1.0
258,414,159267,207,1.0
259,260,176037,125,1.0
261,120,163282,61,1.0
261,122,163283,61,1.0
262,265,127967,127,1.0
263,371,168846,181,1.0
263,372,168847,181,1.0
264,261,115687,126,1.0
264,263,115686,126,1.0
265,439,112256,221,1.0
265,440,112257,221,1.0
266,226,185447,109,1.0
267,522,146235,262,1.0
268,746,197867,406,1.0
268,747,197866,406,1.0
269,272,178549,130,1.0
269,274,178548,130,1.0
270,446,149139,225,1.0
271,450,138626,227,1.0
271,451,138627,227,1.0
272,117,119179,60,1.0
272,119,119180,60,1.0
273,270,129655,129,1.0
273,271,129654,129,1.0
274,524,178547,263,1.0
275,50,125831,23,1.0
275,51,125832,23,1.0
276,197,127620,98,1.0
276,198,127621,98,1.0
277,278,150687,133,1.0
278,4,150685,3,1.0
278,5,150686,3,1.0
279,81,144848,39,1.0
280,505,153486,253,1.0
281,749,197915,407,1.0
281,750,197914,407,1.0
282,142,139400,71,1.0
282,143,139401,71,1.0
282,145,139402,71,2.0
283,229,103310,111,1.0
283,230,103311,111,1.0
284,342,118335,166,1.0
284,343,118337,166,1.0
284,345,118336,166,1.0
285,135,190849,67,1.0
286,172,116507,86,1.0
286,174,116508,86,1.0
286,175,116509,86,1.0
287,289,187755,137,1.0
288,285,187749,136,1.0
288,286,187750,136,1.0
289,393,153194,194,1.0
289,395,153195,194,1.0
289,396,153196,194,1.0
290,104,112188,52,1.0
290,105,112187,52,0.3
291,437,102250,219,1.0
292,192,159763,95,1.0
292,193,159764,95,1.0
293,295,166537,140,1.0
295,112,120613,56,1.0
295,113,120614,56,1.0
296,292,158280,139,1.0
296,294,158281,139,0.0
297,300,174861,142,1.0
298,426,101391,213,1.0
298,427,101392,213,1.0
298,428,101390,213,0.0
299,493,147888,248,1.0
299,495,147889,248,1.0
300,380,145703,186,1.0
301,302,185648,144,1.0
303,718,197711,398,1.0
303,719,197712,398,0.6
303,720,197713,398,1.0
304,28,135511,13,1.0
304,30,135512,13,1.0
305,365,191552,179,1.0
305,366,191551,179,0.0
306,35,154038,17,1.0
306,36,154039,17,1.0
307,748,197912,407,1.0
307,750,197913,407,1.0
308,310,109383,149,1.0
309,647,156954,343,1.0
310,325,109385,156,1.0
311,314,149437,151,1.0
312,760,198505,414,1.0
312,762,198506,414,3.33333333333333
312,763,198504,414,3.33333333333333
314,649,145688,345,1.0
315,60,127338,28,1.0
316,408,194132,202,1.0
318,160,100343,79,1.0
318,161,100344,79,1.0
319,8,118178,5,1.0
320,322,179621,155,1.0
320,324,179622,155,1.0
321,511,186347,257,1.0
321,513,186348,257,1.0
322,221,179620,107,1.0
323,319,144510,154,1.0
323,321,144511,154,1.0
324,534,195701,269,1.0
325,486,145114,244,1.0
325,487,145115,244,0.3
326,498,156736,250,1.0
326,499,156735,250,1.0
328,25,136114,12,1.0
328,27,136115,12,1.0
329,331,175641,159,1.0
330,459,165601,232,1.0
330,461,165602,232,1.0
331,456,175536,230,1.0
331,457,175537,230,1.0
333,334,106988,162,1.0
333,335,106989,162,0.3
334,400,106987,197,1.0
335,671,134231,364,1.0
336,722,197728,399,1.0
336,723,197729,399,0.5
337,80,144850,39,1.0
338,341,166837,165,1.0
339,745,197869,406,1.0
339,747,197868,406,1.0
340,337,150690,164,1.0
340,339,150689,164,1.0
341,465,157970,234,1.0
341,466,157971,234,1.0
341,467,157972,234,1.0
342,56,172710,26,1.0
343,232,120945,112,1.0
344,282,136353,135,1.0
344,283,136352,135,1.0
346,172,116504,86,1.0
346,173,116505,86,1.0
346,175,116506,86,1.0
347,186,189064,93,1.0
347,187,189065,93,1.0
347,188,189066,93,1.0
348,355,184239,171,1.0
349,15,123220,8,1.0
349,16,123221,8,1.0
349,17,123222,8,1.0
350,66,159460,31,1.0
351,352,183452,170,1.0
351,353,183453,170,1.0
352,318,129390,153,1.0
353,442,156265,222,1.0
354,346,116514,167,1.0
354,347,116513,167,1.0
355,685,143527,374,1.0
357,721,197733,399,1.0
357,723,197732,399,1.0
358,609,159047,316,1.0
359,360,171974,176,1.0
359,361,171975,176,1.0
360,387,112622,190,1.0
361,429,151443,214,1.0
362,354,184240,171,1.0
362,355,184241,171,1.0
363,364,191546,179,1.0
363,365,191545,179,1.0
364,304,135519,146,1.0
365,432,137831,217,1.0
365,433,137830,217,1.0
367,370,168844,181,1.0
367,372,168845,181,1.0
368,449,138623,227,1.0
368,451,138622,227,1.0
369,537,156412,272,1.0
370,261,115689,126,1.0
370,262,115688,126,1.0
371,368,167332,180,1.0
371,369,167333,180,1.0
372,448,158408,226,1.0
373,50,125833,23,1.0
374,101,168166,50,1.0
375,545,175727,277,1.0
376,378,120471,184,1.0
377,462,123937,233,1.0
377,463,123938,233,1.0
378,227,151440,110,1.0
378,228,151441,110,1.0
379,738,197843,404,1.0
379,739,197840,404,1.0
379,741,197844,404,1.0
380,673,145702,366,1.0
381,70,138822,33,1.0
381,71,138823,33,1.0
382,385,164946,188,1.0
383,571,142354,295,1.0
383,572,142355,295,1.0
384,381,106043,187,1.0
384,383,106042,187,1.0
385,544,160907,276,1.0
386,158,138426,78,1.0
386,159,138425,78,1.0
387,376,180514,183,1.0
387,377,180516,183,1.0
388,211,104145,104,1.0
388,213,104146,104,1.0
389,553,113713,281,1.0
390,101,168168,50,1.0
391,6,141478,4,1.0
391,7,141477,4,1.0
392,277,184200,132,1.0
393,107,147379,53,1.0
394,288,187756,137,1.0
395,523,178546,263,1.0
396,555,121176,283,1.0
396,557,121175,283,1.0
397,146,124749,72,1.0
397,147,124750,72,1.0
398,206,128240,101,1.0
399,400,106986,197,1.0
400,290,102248,138,1.0
400,291,102249,138,0.3
401,20,116529,10,1.0
401,21,116530,10,0.333333333333333
402,403,137770,199,1.0
403,692,169760,379,1.0
403,693,169759,379,1.0
405,139,128983,69,1.0
405,140,128982,69,1.0
406,407,194131,202,1.0
407,315,146580,152,1.0
407,317,146579,152,1.0
408,405,190818,201,1.0
409,612,132577,319,1.0
409,613,132576,319,1.0
410,363,138807,178,1.0
411,412,107182,205,1.0
412,632,167350,334,1.0
413,663,163420,357,1.0
414,297,147885,141,1.0
414,298,147886,141,1.0
414,299,147887,141,1.0
415,191,159762,95,1.0
415,192,159761,95,1.0
416,425,101394,213,1.0
416,427,101395,213,1.0
416,428,101393,213,0.0
417,248,117658,120,1.0
417,250,117659,120,1.0
418,543,160906,276,1.0
419,713,194608,394,1.0
420,677,138422,369,1.0
422,237,100973,115,1.0
422,238,100974,115,1.0
424,660,142501,354,1.0
425,297,147881,141,1.0
425,299,147882,141,1.0
426,415,103861,208,1.0
427,483,184900,242,1.0
429,233,165559,113,1.0
430,431,101650,216,1.0
431,592,175250,306,1.0
431,593,175249,306,1.0
432,31,137829,14,1.0
433,165,108536,82,1.0
434,364,191548,179,1.0
434,366,191547,179,0.0
435,488,171085,245,1.0
435,489,171086,245,1.0
436,290,102247,138,1.0
437,698,185432,382,1.0
438,626,188435,329,1.0
439,120,163280,61,1.0
439,121,163281,61,1.0
440,218,124242,106,1.0
440,220,124243,106,1.0
441,264,127970,127,1.0
442,443,158063,223,1.0
443,526,119478,265,1.0
444,764,198525,415,1.0
444,765,198524,415,3.33333333333333
444,767,198526,415,1.0
445,269,129658,129,1.0
445,271,129659,129,1.0
446,447,158407,226,1.0
447,370,168849,181,1.0
447,371,168848,181,1.0
448,445,149138,225,1.0
449,269,129656,129,1.0
449,270,129657,129,1.0
450,367,167334,180,1.0
450,369,167335,180,1.0
451,555,121178,283,1.0
451,556,121177,283,1.0
452,497,156734,250,1.0
452,499,156733,250,1.0
453,724,197746,400,1.0
453,725,197748,400,1.0
453,727,197747,400,1.0
454,457,175535,230,1.0
455,724,197737,400,1.0
455,725,197738,400,1.0
455,726,197736,400,1.0
456,455,148314,229,1.0
457,614,195511,320,1.0
459,74,172300,35,1.0
459,75,172301,35,1.0
460,328,189329,158,1.0
460,329,189328,158,1.0
461,558,193772,284,1.0
462,464,157967,234,1.0
462,466,157968,234,1.0
462,467,157969,234,1.0
463,598,152049,311,1.0
463,600,152048,311,1.0
464,340,166838,165,1.0
465,463,123935,233,1.0
466,477,120105,239,1.0
467,754,198278,411,1.0
467,755,198277,411,1.0
468,301,164892,143,1.0
469,470,186700,236,1.0
469,471,186699,236,1.0
470,1,132044,1,1.0
470,2,132045,1,1.0
471,590,111822,304,1.0
472,753,198003,410,1.0
473,90,164230,45,1.0
473,91,164231,45,1.0
474,251,151318,121,1.0
474,252,151319,121,1.0
474,254,151320,121,1.0
475,476,120104,239,1.0
476,464,157974,234,1.0
476,465,157973,234,1.0
476,467,157975,234,1.0
477,473,105721,238,1.0
477,474,105722,238,1.0
478,10,118181,6,1.0
478,11,118182,6,1.0
479,552,113710,281,1.0
480,43,152189,21,1.0
480,44,152191,21,1.0
480,46,152190,21,1.0
481,211,104147,104,1.0
481,212,104148,104,1.0
482,264,127968,127,1.0
482,265,127969,127,1.0
484,117,119177,60,1.0
484,118,119178,60,1.0
485,657,143352,352,1.0
485,658,143353,352,3.33333333333333
486,568,163674,292,1.0
488,575,184097,298,1.0
489,715,192844,396,1.0
490,491,154566,247,1.0
490,492,154567,247,1.0
491,547,124444,278,1.0
491,548,124445,278,1.0
492,644,161174,341,1.0
492,645,161173,341,1.0
493,156,111923,77,1.0
494,297,147883,141,1.0
494,298,147884,141,1.0
495,483,184901,242,1.0
496,429,151444,214,1.0
497,327,183280,157,1.0
498,453,103050,228,1.0
499,501,163050,251,1.0
499,502,163049,251,1.0
500,497,156732,250,1.0
500,498,156731,250,1.0
501,583,110842,301,1.0
501,584,110843,301,1.0
502,634,150191,335,1.0
503,545,175726,277,1.0
503,546,175725,277,1.0
504,279,157520,134,1.0
504,281,157521,134,1.0
505,756,198288,412,1.0
506,508,104508,255,1.0
507,700,190911,384,1.0
508,520,137619,261,1.0
509,459,165598,232,1.0
509,460,165599,232,1.0
509,461,165600,232,1.0
510,694,183909,380,1.0
511,125,186343,63,1.0
511,127,186344,63,1.0
512,319,144515,154,1.0
512,320,144514,154,1.0
513,514,112458,258,1.0
513,515,112457,258,1.0
514,745,197872,406,1.0
514,746,197873,406,1.0
515,758,198290,413,1.0
515,759,198291,413,1.0
516,336,103315,163,1.0
517,527,127617,266,1.0
517,528,127616,266,1.0
518,651,147119,346,1.0
519,756,198285,412,1.0
519,757,198286,412,1.0
520,278,150688,133,1.0
521,266,116694,128,1.0
521,268,116693,128,1.0
522,526,119477,265,1.0
523,272,178551,130,1.0
523,273,178550,130,1.0
524,393,153188,194,1.0
524,394,153190,194,1.0
524,396,153189,194,1.0
525,521,146236,262,1.0
525,522,146237,262,1.0
526,337,150697,164,1.0
526,338,150695,164,1.0
526,339,150696,164,1.0
527,47,168162,22,1.0
527,48,168163,22,1.0
528,231,120946,112,1.0
529,532,162008,268,1.0
530,588,111521,303,1.0
530,589,111522,303,1.0
531,530,111527,267,1.0
532,675,162011,367,1.0
533,322,179626,155,1.0
533,323,179625,155,1.0
534,650,147118,346,1.0
535,525,190303,264,1.0
536,481,104142,241,1.0
536,482,104141,241,1.0
537,43,152183,21,1.0
537,44,152184,21,1.0
537,45,152185,21,1.0
538,367,167336,180,1.0
538,368,167337,180,1.0
539,540,106348,274,1.0
540,620,182761,324,1.0
541,138,128981,69,1.0
541,140,128980,69,1.0
542,244,183434,118,1.0
542,246,183435,118,1.0
543,384,164949,188,1.0
544,417,160912,209,1.0
544,419,160913,209,1.0
545,52,156729,24,1.0
545,53,156730,24,1.0
546,373,140231,182,1.0
546,374,140230,182,1.0
547,152,166705,75,1.0
548,199,165252,99,1.0
548,200,165253,99,1.0
548,202,165254,99,1.0
549,452,103049,228,1.0
549,453,103048,228,1.0
550,554,107397,282,1.0
551,710,181833,391,1.0
552,388,195686,191,1.0
553,478,181511,240,1.0
554,740,197839,404,1.0
555,134,175292,66,1.0
556,393,153191,194,1.0
556,394,153193,194,1.0
556,395,153192,194,1.0
557,449,138625,227,1.0
557,450,138624,227,1.0
558,248,117660,120,1.0
558,249,117661,120,1.0
559,459,165603,232,1.0
559,460,165604,232,1.0
560,302,185649,144,1.0
561,621,153572,325,1.0
562,684,143422,373,1.0
564,186,189067,93,1.0
564,188,189068,93,1.0
565,732,197775,402,1.0
565,733,197777,402,1.11111111111111
565,734,197776,402,1.11111111111111
565,735,197774,402,0.666666666666667
566,468,142935,235,1.0
566,469,142934,235,2.0
567,729,197757,401,1.0
567,730,197756,401,1.0
567,731,197758,401,2.0
568,569,179786,293,1.0
569,760,198503,414,1.0
569,761,198502,414,1.0
569,763,198501,414,3.33333333333333
570,387,112623,190,1.0
571,573,116522,296,1.0
572,630,147454,332,1.0
573,20,116524,10,1.0
573,21,116525,10,0.333333333333333
573,22,116526,10,1.0
574,724,197740,400,1.0
574,725,197742,400,1.0
574,726,197739,400,1.0
574,727,197741,400,1.0
575,251,151315,121,1.0
575,252,151316,121,1.0
575,253,151317,121,1.0
576,489,171087,245,1.0
577,25,136116,12,1.0
577,26,136117,12,1.0
578,587,111523,303,1.0
578,589,111524,303,1.0
579,624,132573,328,1.0
579,625,132574,328,1.0
580,582,110840,301,1.0
580,584,110841,301,1.0
581,674,162010,367,1.0
582,500,163053,251,1.0
582,502,163054,251,1.0
583,581,110838,300,1.0
584,708,187622,390,1.0
585,137,176935,68,1.0
586,695,194201,381,1.0
587,529,111528,267,1.0
588,577,151452,299,1.0
588,579,151451,299,1.0
589,605,137363,313,1.0
589,606,137362,313,0.0
590,740,197842,404,1.0
590,741,197845,404,1.0
591,649,145687,345,1.0
592,115,175251,58,1.0
593,594,177792,307,1.0
594,597,119889,310,1.0
595,596,167520,309,1.0
596,643,167521,340,1.0
597,728,197752,401,1.0
597,730,197750,401,1.0
597,731,197751,401,2.0
598,351,174707,169,1.0
599,462,123936,233,1.0
600,640,115502,339,1.0
600,641,115501,339,1.0
601,186,189069,93,1.0
601,187,189070,93,1.0
602,681,134104,371,1.0
604,587,111525,303,1.0
604,588,111526,303,1.0
605,612,132578,319,1.0
607,608,159562,315,1.0
608,690,148056,377,1.0
609,539,106347,273,1.0
610,611,188193,318,1.0
611,503,184863,252,1.0
612,76,137357,36,1.0
613,604,137361,313,1.0
613,606,137360,313,0.0
614,431,101651,216,1.0
615,164,121627,81,1.0
617,742,197853,405,1.0
617,743,197854,405,1.0
618,756,198287,412,1.0
619,182,110169,91,1.0
619,183,110168,91,1.0
620,764,198520,415,1.0
620,766,198518,415,3.33333333333333
620,767,198519,415,1.0
621,410,107184,204,1.0
621,411,107183,204,3.33333333333333
622,623,119104,327,1.0
623,760,198508,414,1.0
623,761,198509,414,1.0
623,762,198507,414,3.33333333333333
624,633,150192,335,1.0
625,669,189745,363,1.0
625,670,189746,363,1.0
626,401,150528,198,1.0
626,402,150527,198,1.0
627,94,118948,47,1.0
627,95,118949,47,1.0
628,678,164524,370,1.0
628,680,164525,370,1.0
629,13,169003,7,1.0
629,14,169002,7,3.33333333333333
630,384,164947,188,1.0
630,385,164948,188,1.0
631,717,197719,398,1.0
631,718,197717,398,1.66666666666667
631,720,197718,398,1.66666666666667
632,717,197722,398,1.0
632,718,197720,398,1.66666666666667
632,719,197721,398,1.0
633,500,163051,251,1.0
633,501,163052,251,1.0
634,625,132575,328,1.0
635,97,158275,48,1.0
635,98,158276,48,1.0
636,379,132484,185,1.0
637,574,181013,297,1.0
638,62,131917,29,1.0
639,733,197772,402,1.0
639,735,197770,402,0.6
639,736,197771,402,0.6
640,163,100350,80,1.0
641,359,169286,175,1.0
642,598,152051,311,1.0
642,599,152050,311,1.0
643,655,128526,350,1.0
644,199,165255,99,1.0
644,200,165256,99,1.0
644,201,165257,99,1.0
645,397,137186,195,1.0
645,398,137187,195,1.0
646,308,140172,148,1.0
646,309,140173,148,3.33333333333333
647,648,156955,344,1.0
648,310,109384,149,1.0
649,585,112184,302,1.0
649,586,112185,302,0.3
650,516,127614,259,1.0
650,517,127615,259,1.0
651,533,195702,269,1.0
652,570,195183,294,1.0
653,552,113712,281,1.0
653,553,113711,281,1.0
654,635,128332,336,1.0
654,636,128333,336,1.0
655,656,128529,351,1.0
656,742,197849,405,1.0
656,743,197856,405,1.0
656,744,198616,405,1.0
657,659,142742,353,1.0
658,683,140174,372,1.0
659,444,156847,224,1.0
660,301,164890,143,1.0
661,662,185650,356,1.0
662,654,188758,349,1.0
663,35,154040,17,1.0
663,36,154041,17,1.0
663,37,154042,17,1.0
664,303,179263,145,1.0
665,615,132120,321,1.0
665,616,132119,321,0.5
666,564,132021,289,1.0
666,565,132022,289,2.0
667,668,133222,362,1.0
668,665,188077,359,1.0
669,23,124250,11,1.0
670,549,162526,279,1.0
671,399,184219,196,1.0
672,560,134375,285,1.0
673,629,134292,331,1.0
674,531,162009,268,1.0
675,580,110839,300,1.0
676,737,197799,403,1.0
677,509,147062,256,1.0
677,510,147063,256,1.0
678,162,100351,80,1.0
679,627,144798,330,1.0
680,707,173575,389,1.0
681,64,148301,30,1.0
682,601,183755,312,1.0
682,603,183756,312,0.0
683,444,156848,224,1.0
684,430,101652,215,1.0
685,184,143531,92,1.0
685,185,143530,92,1.0
686,688,195793,376,1.0
687,697,185433,382,1.0
688,172,116510,86,1.0
688,173,116512,86,1.0
688,174,116511,86,1.0
689,687,185434,375,1.0
690,667,133221,361,1.0
691,711,195280,392,1.0
692,573,116523,296,1.0
693,630,147453,332,1.0
694,331,175642,159,1.0
695,244,183436,118,1.0
695,245,183437,118,1.0
696,585,112186,302,1.0
697,436,102251,219,1.0
698,686,185435,375,1.0
699,319,144517,154,1.0
699,320,144516,154,1.0
699,321,144518,154,1.0
700,701,190912,385,1.0
701,664,178035,358,1.0
702,165,108539,82,1.0
702,166,108540,82,0.5
703,728,197755,401,1.0
703,729,197754,401,1.0
703,730,197753,401,1.0
704,706,173574,389,1.0
706,678,164529,370,1.0
706,679,164528,370,1.0
707,705,171458,388,1.0
708,68,187625,32,1.0
709,582,110845,301,1.0
709,583,110844,301,1.0
710,714,193444,395,1.0
711,653,190028,348,1.0
712,404,194109,200,1.0
713,716,194726,397,1.0
714,712,192530,393,1.0
715,672,134376,365,1.0
716,74,172302,35,1.0
716,75,172303,35,1.0
717,79,166364,38,1.0
718,255,121624,122,1.0
718,256,121623,122,2.0
719,259,176036,124,1.0
720,358,176371,174,1.0
721,123,142273,62,1.0
721,124,142274,62,1.0
722,131,148607,65,1.0
722,132,148608,65,0.5
723,225,185446,109,1.0
724,23,124248,11,1.0
724,24,124249,11,1.0
725,295,166539,140,1.0
725,296,166538,140,1.0
726,452,103047,228,1.0
727,454,148315,229,1.0
728,506,104506,254,1.0
728,507,104507,254,1.0
729,595,119891,308,1.0
730,637,181012,337,1.0
731,702,181693,386,1.0
732,332,172378,160,1.0
733,333,140278,161,1.0
734,356,185866,172,1.0
735,563,144733,288,1.0
736,666,139467,360,1.0
737,703,169082,387,1.0
738,181,192784,90,1.0
739,424,101349,212,1.0
740,661,141293,355,1.0
742,82,170375,40,1.0
743,562,159564,287,1.0
744,618,181872,322,1.0
745,266,116689,128,1.0
745,267,116690,128,1.0
746,337,150692,164,1.0
746,338,150691,164,1.0
747,515,112459,258,1.0
748,279,157518,134,1.0
748,280,157519,134,1.0
749,306,185450,147,1.0
750,758,198292,413,1.0
751,706,173577,389,1.0
751,707,173576,389,1.0
752,484,186514,243,1.0
752,485,186515,243,3.33333333333333
753,752,198001,409,1.0
754,617,181871,322,1.0
755,619,178349,323,1.0
756,464,157977,234,1.0
756,465,157976,234,1.0
756,466,157978,234,1.0
757,504,153485,253,1.0
758,699,180249,383,1.0
759,748,197907,407,1.0
759,749,197911,407,1.0
760,106,147380,53,1.0
761,311,125169,150,1.0
761,313,125170,150,1.0
762,472,191637,237,1.0
763,591,112965,305,1.0
764,218,124244,106,1.0
764,219,124245,106,1.0
765,561,107692,286,1.0
766,646,156849,342,1.0
768,158,138424,78,1.0
768,159,138423,78,1.0
769,326,183279,157,1.0
770,349,132880,168,1.0
770,350,132881,168,1.0
771,397,137184,195,1.0
771,398,137185,195,1.0
772,704,171460,388,1.0
773,169,158839,84,1.0
773,170,158838,84,1.0
774,234,159768,114,1.0
774,235,159767,114,1.0
775,292,158285,139,1.0
775,293,158284,139,1.0
776,191,159760,95,1.0
776,192,159758,95,1.0
776,193,159759,95,1.0
777,85,111930,42,1.0
778,425,101387,213,1.0
778,426,101388,213,1.0
778,427,101389,213,1.0
779,167,177594,83,1.0
780,207,181970,102,1.0
780,208,181971,102,1.0
781,420,138421,210,1.0
782,607,194489,314,1.0
783,615,132118,321,1.0
784,164,121626,81,1.0
785,631,183430,333,1.0
786,764,198522,415,1.0
786,765,198523,415,3.33333333333333
786,766,198521,415,3.33333333333333
787,308,140170,148,1.0
787,309,140171,148,3.33333333333333
788,486,145116,244,1.0
789,311,125167,150,1.0
789,312,125168,150,1.0
790,241,158724,117,1.0
790,243,158725,117,0.0
791,241,158722,117,1.0
791,242,158723,117,1.0
792,138,128979,69,1.0
792,139,128978,69,1.0
793,638,116574,338,1.0
793,639,116573,338,3.33333333333333
794,601,183753,312,1.0
794,602,183754,312,1.0
795,738,197836,404,1.0
795,739,197838,404,1.0
795,740,197837,404,1.0
796,97,158277,48,1.0
796,98,158279,48,1.0
796,99,158278,48,1.0
797,18,127632,9,1.0
798,15,123223,8,1.0
798,16,123224,8,1.0
799,604,137359,313,1.0
799,605,137358,313,1.0
800,148,122110,73,1.0
801,142,139406,71,1.0
801,143,139408,71,1.0
801,144,139407,71,1.0
802,342,118329,166,1.0
802,343,118330,166,1.0
802,344,118331,166,1.0
803,732,197766,402,1.0
803,733,197769,402,1.11111111111111
803,734,197767,402,1.11111111111111
803,736,197768,402,0.666666666666667
804,315,146582,152,1.0
804,316,146581,152,1.0
